ID,furnace,role,Description,UoM,pass
01TI1005A.PV,1HA,tube_COT,H-A TUBE CUR COT 005,DEGC,A
01TI1010A.PV,1HA,tube_COT,H-A TUBE CUR COT 010,DEGC,A
01TI1014A.PV,1HA,tube_COT,H-A TUBE CUR COT 014,DEGC,A
01TI1001A.PV,1HA,tube_COT,H-A TUBE CUR COT 001,DEGC,A
01TI1008A.PV,1HA,tube_COT,H-A TUBE CUR COT 008,DEGC,A
01TI1009A.PV,1HA,tube_COT,H-A TUBE CUR COT 009,DEGC,A
01TI1011A.PV,1HA,tube_COT,H-A TUBE CUR COT 011,DEGC,A
01TI1013A.PV,1HA,tube_COT,H-A TUBE CUR COT 013,DEGC,A
01TI1003A.PV,1HA,tube_COT,H-A TUBE CUR COT 003,DEGC,A
01TI1004A.PV,1HA,tube_COT,H-A TUBE CUR COT 004,DEGC,A
01TI1017A.PV,1HA,tube_COT,H-A TUBE CUR COT 017,DEGC,A
01TI1018A.PV,1HA,tube_COT,H-A TUBE CUR COT 018,DEGC,A
01TI1007A.PV,1HA,tube_COT,H-A TUBE CUR COT 007,DEGC,A
01TI1020A.PV,1HA,tube_COT,H-A TUBE CUR COT 020,DEGC,A
01TI1016A.PV,1HA,tube_COT,H-A TUBE CUR COT 016,DEGC,A
01TI1002A.PV,1HA,tube_COT,H-A TUBE CUR COT 002,DEGC,A
01TI1006A.PV,1HA,tube_COT,H-A TUBE CUR COT 006,DEGC,A
01TI1012A.PV,1HA,tube_COT,H-A TUBE CUR COT 012,DEGC,A
01TI1015A.PV,1HA,tube_COT,H-A TUBE CUR COT 015,DEGC,A
01TI1021A.PV,1HA,tube_COT,H-A TUBE CUR COT 021,DEGC,A
01TI1019A.PV,1HA,tube_COT,H-A TUBE CUR COT 019,DEGC,A
01TI1113A.PV,1HA,tube_COT,,,C
01TI1123A.PV,1HA,tube_COT,,,C
01TI1124A.PV,1HA,tube_COT,,,C
01TI1169A.PV,1HA,tube_COT,,,D
01TI1177A.PV,1HA,tube_COT,,,D
01TI1178A.PV,1HA,tube_COT,,,D
01TI2002A.PV,1HB,tube_COT,H-B TUBE CUR COT 002,DEGC,A
01TI2025A.PV,1HB,tube_COT,,,A
01TI2031A.PV,1HB,tube_COT,,,A
01TI2034A.PV,1HB,tube_COT,,,A
01TI2035A.PV,1HB,tube_COT,,,A
01TI2079A.PV,1HB,tube_COT,,,B
01TI2101A.PV,1HB,tube_COT,,,C
01TI2105A.PV,1HB,tube_COT,,,C
01TI2110A.PV,1HB,tube_COT,,,C
01TI2118A.PV,1HB,tube_COT,H-B TUBE CUR COT 118,DEGC,C
01TI2121A.PV,1HB,tube_COT,,,C
01TI2137A.PV,1HB,tube_COT,,,C
01TI2156A.PV,1HB,tube_COT,,,D
01TI2183A.PV,1HB,tube_COT,,,D
01TI3002A.PV,1HC,tube_COT,,,A
01TI3046A.PV,1HC,tube_COT,,,A
01TI3047A.PV,1HC,tube_COT,,,A
01TI3057A.PV,1HC,tube_COT,,,B
01TI3077A.PV,1HC,tube_COT,,,B
01TI3083A.PV,1HC,tube_COT,,,B
01TI3100A.PV,1HC,tube_COT,,,C
01TI3103A.PV,1HC,tube_COT,,,C
01TI3125A.PV,1HC,tube_COT,,,C
01TI3127A.PV,1HC,tube_COT,,,C
01TI1022A.PV,1HA,tube_COT,H-A TUBE CUR COT 022,DEGC,A
01TI1061A.PV,1HA,tube_COT,,,B
01TI1078A.PV,1HA,tube_COT,,,B
01TI1090A.PV,1HA,tube_COT,,,B
01TI1093A.PV,1HA,tube_COT,,,B
01TI1094A.PV,1HA,tube_COT,,,B
01TI1116A.PV,1HA,tube_COT,,,C
01TI1170A.PV,1HA,tube_COT,,,D
01TI2004A.PV,1HB,tube_COT,H-B TUBE CUR COT 004,DEGC,A
01TI2014A.PV,1HB,tube_COT,,,A
01TI2028A.PV,1HB,tube_COT,,,A
01TI2053A.PV,1HB,tube_COT,,,B
01TI2071A.PV,1HB,tube_COT,,,B
01TI2098A.PV,1HB,tube_COT,,,C
01TI2109A.PV,1HB,tube_COT,,,C
01TI2111A.PV,1HB,tube_COT,H-B TUBE CUR COT 111,DEGC,C
01TI2116A.PV,1HB,tube_COT,H-B TUBE CUR COT 116,DEGC,C
01TI2117A.PV,1HB,tube_COT,H-B TUBE CUR COT 117,DEGC,C
01TI2124A.PV,1HB,tube_COT,,,C
01TI3036A.PV,1HC,tube_COT,,,A
01TI3039A.PV,1HC,tube_COT,,,A
01TI3049A.PV,1HC,tube_COT,,,B
01TI3079A.PV,1HC,tube_COT,,,B
01TI3084A.PV,1HC,tube_COT,,,B
01TI3085A.PV,1HC,tube_COT,,,B
01TI3097A.PV,1HC,tube_COT,H-C TUBE CUR COT 097,DEGC,C
01TI3101A.PV,1HC,tube_COT,,,C
01TI3120A.PV,1HC,tube_COT,,,C
01TI3137A.PV,1HC,tube_COT,,,C
01TI1029A.PV,1HA,tube_COT,,,A
01TI1063A.PV,1HA,tube_COT,,,B
01TI1065A.PV,1HA,tube_COT,,,B
01TI1098A.PV,1HA,tube_COT,,,C
01TI1101A.PV,1HA,tube_COT,,,C
01TI1120A.PV,1HA,tube_COT,,,C
01TI1127A.PV,1HA,tube_COT,,,C
01TI1149A.PV,1HA,tube_COT,,,D
01TI1161A.PV,1HA,tube_COT,,,D
01TI1189A.PV,1HA,tube_COT,,,D
01TI2009A.PV,1HB,tube_COT,,,A
01TI2021A.PV,1HB,tube_COT,,,A
01TI2027A.PV,1HB,tube_COT,,,A
01TI2067A.PV,1HB,tube_COT,,,B
01TI2078A.PV,1HB,tube_COT,,,B
01TI2095A.PV,1HB,tube_COT,,,B
01TI2140A.PV,1HB,tube_COT,,,C
01TI2191A.PV,1HB,tube_COT,,,D
01TI3022A.PV,1HC,tube_COT,,,A
01TI3025A.PV,1HC,tube_COT,,,A
01TI3031A.PV,1HC,tube_COT,,,A
01TI3037A.PV,1HC,tube_COT,,,A
01TI3128A.PV,1HC,tube_COT,,,C
01TI3130A.PV,1HC,tube_COT,,,C
01TI1023A.PV,1HA,tube_COT,H-A TUBE CUR COT 023,DEGC,A
01TI1047A.PV,1HA,tube_COT,,,A
01TI1062A.PV,1HA,tube_COT,,,B
01TI1092A.PV,1HA,tube_COT,,,B
01TI1096A.PV,1HA,tube_COT,,,B
01TI1106A.PV,1HA,tube_COT,,,C
01TI1128A.PV,1HA,tube_COT,,,C
01TI1148A.PV,1HA,tube_COT,,,D
01TI1151A.PV,1HA,tube_COT,,,D
01TI1152A.PV,1HA,tube_COT,,,D
01TI1156A.PV,1HA,tube_COT,,,D
01TI1166A.PV,1HA,tube_COT,,,D
01TI1183A.PV,1HA,tube_COT,,,D
01TI1184A.PV,1HA,tube_COT,,,D
01TI1186A.PV,1HA,tube_COT,,,D
01TI2007A.PV,1HB,tube_COT,,,A
01TI2022A.PV,1HB,tube_COT,,,A
01TI2049A.PV,1HB,tube_COT,,,B
01TI2054A.PV,1HB,tube_COT,,,B
01TI2066A.PV,1HB,tube_COT,,,B
01TI2069A.PV,1HB,tube_COT,,,B
01TI2080A.PV,1HB,tube_COT,,,B
01TI2136A.PV,1HB,tube_COT,,,C
01TI2151A.PV,1HB,tube_COT,,,D
01TI2163A.PV,1HB,tube_COT,,,D
01TI2170A.PV,1HB,tube_COT,,,D
01TI2176A.PV,1HB,tube_COT,H-B TUBE CUR COT 176,DEGC,D
01TI2186A.PV,1HB,tube_COT,,,D
01TI2187A.PV,1HB,tube_COT,,,D
01TI3028A.PV,1HC,tube_COT,,,A
01TI3042A.PV,1HC,tube_COT,,DEGC,A
01TI3071A.PV,1HC,tube_COT,,,B
01TI3074A.PV,1HC,tube_COT,,,B
01TI3106A.PV,1HC,tube_COT,,,C
01TI3110A.PV,1HC,tube_COT,,,C
01TI3136A.PV,1HC,tube_COT,,,C
01TI1034A.PV,1HA,tube_COT,,,A
01TI1082A.PV,1HA,tube_COT,H-A TUBE CUR COT 082,DEGC,B
01TI1087A.PV,1HA,tube_COT,,,B
01TI1111A.PV,1HA,tube_COT,,,C
01TI1115A.PV,1HA,tube_COT,,,C
01TI1135A.PV,1HA,tube_COT,,,C
01TI1138A.PV,1HA,tube_COT,,,C
01TI1147A.PV,1HA,tube_COT,,,D
01TI1160A.PV,1HA,tube_COT,,,D
01TI2005A.PV,1HB,tube_COT,H-B TUBE CUR COT 005,DEGC,A
01TI2008A.PV,1HB,tube_COT,,,A
01TI2020A.PV,1HB,tube_COT,,,A
01TI2024A.PV,1HB,tube_COT,,,A
01TI2038A.PV,1HB,tube_COT,,,A
01TI2046A.PV,1HB,tube_COT,,,A
01TI2058A.PV,1HB,tube_COT,,,B
01TI2062A.PV,1HB,tube_COT,H-B TUBE CUR COT 062,DEGC,B
01TI2063A.PV,1HB,tube_COT,,DEGC,B
01TI2074A.PV,1HB,tube_COT,,,B
01TI2075A.PV,1HB,tube_COT,,,B
01TI2093A.PV,1HB,tube_COT,,,B
01TI2104A.PV,1HB,tube_COT,,,C
01TI2106A.PV,1HB,tube_COT,,,C
01TI2115A.PV,1HB,tube_COT,H-B TUBE CUR COT 115,DEGC,C
01TI2129A.PV,1HB,tube_COT,,,C
01TI2145A.PV,1HB,tube_COT,,,D
01TI2155A.PV,1HB,tube_COT,,,D
01TI2158A.PV,1HB,tube_COT,,,D
01TI2161A.PV,1HB,tube_COT,,,D
01TI2177A.PV,1HB,tube_COT,,DEGC,D
01TI2185A.PV,1HB,tube_COT,,,D
01TI2188A.PV,1HB,tube_COT,,,D
01TI2192A.PV,1HB,tube_COT,,,D
01TI3021A.PV,1HC,tube_COT,,,A
01TI3027A.PV,1HC,tube_COT,,,A
01TI3044A.PV,1HC,tube_COT,,,A
01TI3054A.PV,1HC,tube_COT,,,B
01TI3059A.PV,1HC,tube_COT,,,B
01TI3104A.PV,1HC,tube_COT,,,C
01TI3139A.PV,1HC,tube_COT,,,C
01TI1038A.PV,1HA,tube_COT,,,A
01TI1041A.PV,1HA,tube_COT,,,A
01TI1045A.PV,1HA,tube_COT,,,A
01TI1057A.PV,1HA,tube_COT,,,B
01TI1058A.PV,1HA,tube_COT,,,B
01TI1069A.PV,1HA,tube_COT,,,B
01TI1081A.PV,1HA,tube_COT,H-A TUBE CUR COT 081,DEGC,B
01TI1088A.PV,1HA,tube_COT,,,B
01TI1089A.PV,1HA,tube_COT,,,B
01TI1107A.PV,1HA,tube_COT,,,C
01TI1133A.PV,1HA,tube_COT,,,C
01TI1140A.PV,1HA,tube_COT,,,C
01TI1142A.PV,1HA,tube_COT,,,C
01TI1167A.PV,1HA,tube_COT,,,D
01TI1191A.PV,1HA,tube_COT,,,D
01TI2056A.PV,1HB,tube_COT,,,B
01TI2072A.PV,1HB,tube_COT,,,B
01TI2123A.PV,1HB,tube_COT,,,C
01TI2126A.PV,1HB,tube_COT,,,C
01TI2143A.PV,1HB,tube_COT,,,C
01TI2165A.PV,1HB,tube_COT,,,D
01TI2168A.PV,1HB,tube_COT,,,D
01TI2171A.PV,1HB,tube_COT,H-B TUBE CUR COT 171,DEGC,D
01TI2181A.PV,1HB,tube_COT,,,D
01TI3017A.PV,1HC,tube_COT,,,A
01TI3063A.PV,1HC,tube_COT,,,B
01TI3067A.PV,1HC,tube_COT,,,B
01TI3069A.PV,1HC,tube_COT,,,B
01TI3076A.PV,1HC,tube_COT,,,B
01TI3080A.PV,1HC,tube_COT,,,B
01TI3082A.PV,1HC,tube_COT,,,B
01TI3108A.PV,1HC,tube_COT,,,C
01TI3113A.PV,1HC,tube_COT,,,C
01TI3115A.PV,1HC,tube_COT,,,C
01TI3152A.PV,1HC,tube_COT,H-C TUBE CUR COT 152,DEGC,D
01TI1026A.PV,1HA,tube_COT,H-A TUBE CUR COT 026,DEGC,A
01TI1053A.PV,1HA,tube_COT,,,B
01TI1055A.PV,1HA,tube_COT,,,B
01TI1103A.PV,1HA,tube_COT,,,C
01TI1110A.PV,1HA,tube_COT,,,C
01TI1117A.PV,1HA,tube_COT,,,C
01TI1132A.PV,1HA,tube_COT,,,C
01TI1134A.PV,1HA,tube_COT,,,C
01TI1141A.PV,1HA,tube_COT,,DEGC,C
01TI1143A.PV,1HA,tube_COT,,,C
01TI1157A.PV,1HA,tube_COT,,,D
01TI1158A.PV,1HA,tube_COT,,,D
01TI1172A.PV,1HA,tube_COT,,,D
01TI1176A.PV,1HA,tube_COT,,,D
01TI1179A.PV,1HA,tube_COT,,,D
01TI1190A.PV,1HA,tube_COT,,,D
01TI2019A.PV,1HB,tube_COT,,,A
01TI2032A.PV,1HB,tube_COT,,,A
01TI2033A.PV,1HB,tube_COT,,,A
01TI2059A.PV,1HB,tube_COT,,,B
01TI2068A.PV,1HB,tube_COT,,,B
01TI2114A.PV,1HB,tube_COT,H-B TUBE CUR COT 114,DEGC,C
01TI2120A.PV,1HB,tube_COT,,DEGC,C
01TI2175A.PV,1HB,tube_COT,H-B TUBE CUR COT 175,DEGC,D
01TI2184A.PV,1HB,tube_COT,,,D
01TI2189A.PV,1HB,tube_COT,,,D
01TI3065A.PV,1HC,tube_COT,,,B
01TI3068A.PV,1HC,tube_COT,,,B
01TI3075A.PV,1HC,tube_COT,,,B
01TI3081A.PV,1HC,tube_COT,,,B
01TI3095A.PV,1HC,tube_COT,H-C TUBE CUR COT 095,DEGC,B
01TI3102A.PV,1HC,tube_COT,,,C
01TI3129A.PV,1HC,tube_COT,,,C
01TI3140A.PV,1HC,tube_COT,,,C
01TI3150A.PV,1HC,tube_COT,,,D
01TI1031A.PV,1HA,tube_COT,,,A
01TI1083A.PV,1HA,tube_COT,H-A TUBE CUR COT 083,DEGC,B
01TI1114A.PV,1HA,tube_COT,,,C
01TI1125A.PV,1HA,tube_COT,,,C
01TI1136A.PV,1HA,tube_COT,,,C
01TI1162A.PV,1HA,tube_COT,,,D
01TI1168A.PV,1HA,tube_COT,,,D
01TI2006A.PV,1HB,tube_COT,,DEGC,A
01TI2011A.PV,1HB,tube_COT,,,A
01TI2016A.PV,1HB,tube_COT,,,A
01TI2023A.PV,1HB,tube_COT,,,A
01TI2037A.PV,1HB,tube_COT,,,A
01TI2042A.PV,1HB,tube_COT,,,A
01TI2052A.PV,1HB,tube_COT,,,B
01TI2060A.PV,1HB,tube_COT,,,B
01TI2088A.PV,1HB,tube_COT,,,B
01TI2097A.PV,1HB,tube_COT,,,C
01TI2141A.PV,1HB,tube_COT,,,C
01TI2162A.PV,1HB,tube_COT,,,D
01TI2179A.PV,1HB,tube_COT,,,D
01TI3003A.PV,1HC,tube_COT,,,A
01TI3005A.PV,1HC,tube_COT,,,A
01TI3040A.PV,1HC,tube_COT,,,A
01TI3073A.PV,1HC,tube_COT,,,B
01TI3087A.PV,1HC,tube_COT,,,B
01TI3107A.PV,1HC,tube_COT,,,C
01TI3109A.PV,1HC,tube_COT,,,C
01TI3124A.PV,1HC,tube_COT,,,C
01TI3126A.PV,1HC,tube_COT,,,C
01TI3138A.PV,1HC,tube_COT,,,C
01TI3153A.PV,1HC,tube_COT,H-C TUBE CUR COT 153,DEGC,D
01TI1052A.PV,1HA,tube_COT,,,B
01TI1068A.PV,1HA,tube_COT,,,B
01TI1071A.PV,1HA,tube_COT,,,B
01TI1104A.PV,1HA,tube_COT,,,C
01TI1105A.PV,1HA,tube_COT,,,C
01TI1108A.PV,1HA,tube_COT,,,C
01TI1109A.PV,1HA,tube_COT,,,C
01TI1118A.PV,1HA,tube_COT,,,C
01TI1131A.PV,1HA,tube_COT,,,C
01TI1163A.PV,1HA,tube_COT,,,D
01TI1180A.PV,1HA,tube_COT,,,D
01TI1181A.PV,1HA,tube_COT,,,D
01TI1182A.PV,1HA,tube_COT,,,D
01TI2012A.PV,1HB,tube_COT,,,A
01TI2018A.PV,1HB,tube_COT,,,A
01TI2026A.PV,1HB,tube_COT,,,A
01TI2029A.PV,1HB,tube_COT,,,A
01TI2044A.PV,1HB,tube_COT,,,A
01TI2077A.PV,1HB,tube_COT,,,B
01TI2133A.PV,1HB,tube_COT,,,C
01TI2139A.PV,1HB,tube_COT,,,C
01TI2142A.PV,1HB,tube_COT,,,C
01TI2146A.PV,1HB,tube_COT,,,D
01TI2149A.PV,1HB,tube_COT,,,D
01TI2180A.PV,1HB,tube_COT,,,D
01TI3004A.PV,1HC,tube_COT,,,A
01TI3006A.PV,1HC,tube_COT,,,A
01TI3013A.PV,1HC,tube_COT,,,A
01TI3016A.PV,1HC,tube_COT,,,A
01TI3026A.PV,1HC,tube_COT,,,A
01TI3029A.PV,1HC,tube_COT,,,A
01TI3056A.PV,1HC,tube_COT,,,B
01TI3112A.PV,1HC,tube_COT,,,C
01TI3143A.PV,1HC,tube_COT,,,C
01TI3144A.PV,1HC,tube_COT,,,C
01TI3149A.PV,1HC,tube_COT,,,D
01TI3151A.PV,1HC,tube_COT,H-C TUBE CUR COT 151,DEGC,D
01TI1051A.PV,1HA,tube_COT,,,B
01TI1064A.PV,1HA,tube_COT,,,B
01TI1066A.PV,1HA,tube_COT,,,B
01TI1070A.PV,1HA,tube_COT,,,B
01TI1075A.PV,1HA,tube_COT,,,B
01TI1084A.PV,1HA,tube_COT,,DEGC,B
01TI1145A.PV,1HA,tube_COT,,,D
01TI1153A.PV,1HA,tube_COT,,,D
01TI1171A.PV,1HA,tube_COT,,,D
01TI1188A.PV,1HA,tube_COT,,,D
01TI1192A.PV,1HA,tube_COT,,,D
01TI2013A.PV,1HB,tube_COT,,,A
01TI2015A.PV,1HB,tube_COT,,,A
01TI2041A.PV,1HB,tube_COT,,,A
01TI2055A.PV,1HB,tube_COT,,,B
01TI2082A.PV,1HB,tube_COT,,,B
01TI2083A.PV,1HB,tube_COT,,,B
01TI2090A.PV,1HB,tube_COT,,,B
01TI2100A.PV,1HB,tube_COT,,,C
01TI2122A.PV,1HB,tube_COT,,,C
01TI2130A.PV,1HB,tube_COT,,,C
01TI2135A.PV,1HB,tube_COT,,,C
01TI2173A.PV,1HB,tube_COT,H-B TUBE CUR COT 173,DEGC,D
01TI2174A.PV,1HB,tube_COT,H-B TUBE CUR COT 174,DEGC,D
01TI3007A.PV,1HC,tube_COT,,,A
01TI3045A.PV,1HC,tube_COT,,,A
01TI3061A.PV,1HC,tube_COT,,,B
01TI3062A.PV,1HC,tube_COT,,,B
01TI3072A.PV,1HC,tube_COT,,,B
01TI3089A.PV,1HC,tube_COT,,,B
01TI3105A.PV,1HC,tube_COT,,,C
01TI3111A.PV,1HC,tube_COT,,,C
01TI3118A.PV,1HC,tube_COT,,,C
01TI3142A.PV,1HC,tube_COT,,,C
01TI3148A.PV,1HC,tube_COT,,,D
01TI3156A.PV,1HC,tube_COT,,DEGC,D
01TI1028A.PV,1HA,tube_COT,,,A
01TI1030A.PV,1HA,tube_COT,,,A
01TI1036A.PV,1HA,tube_COT,,,A
01TI1040A.PV,1HA,tube_COT,,,A
01TI1046A.PV,1HA,tube_COT,,,A
01TI1072A.PV,1HA,tube_COT,,,B
01TI1074A.PV,1HA,tube_COT,,,B
01TI1095A.PV,1HA,tube_COT,,,B
01TI1119A.PV,1HA,tube_COT,,,C
01TI1146A.PV,1HA,tube_COT,,,D
01TI2119A.PV,1HB,tube_COT,H-B TUBE CUR COT 119,DEGC,C
01TI2152A.PV,1HB,tube_COT,,,D
01TI2154A.PV,1HB,tube_COT,,,D
01TI2172A.PV,1HB,tube_COT,H-B TUBE CUR COT 172,DEGC,D
01TI2178A.PV,1HB,tube_COT,,,D
01TI3024A.PV,1HC,tube_COT,,,A
01TI3033A.PV,1HC,tube_COT,,,A
01TI3041A.PV,1HC,tube_COT,H-C TUBE CUR COT 041,DEGC,A
01TI3116A.PV,1HC,tube_COT,,,C
01TI3119A.PV,1HC,tube_COT,,,C
01TI3123A.PV,1HC,tube_COT,,,C
01TI3145A.PV,1HC,tube_COT,,,D
01TI3147A.PV,1HC,tube_COT,,,D
01TI3154A.PV,1HC,tube_COT,H-C TUBE CUR COT 154,DEGC,D
01TI1024A.PV,1HA,tube_COT,H-A TUBE CUR COT 024,DEGC,A
01TI1033A.PV,1HA,tube_COT,,,A
01TI1039A.PV,1HA,tube_COT,,,A
01TI1048A.PV,1HA,tube_COT,,,A
01TI1049A.PV,1HA,tube_COT,,,B
01TI1076A.PV,1HA,tube_COT,,,B
01TI1080A.PV,1HA,tube_COT,,,B
01TI1085A.PV,1HA,tube_COT,,,B
01TI1112A.PV,1HA,tube_COT,,,C
01TI1122A.PV,1HA,tube_COT,,,C
01TI1126A.PV,1HA,tube_COT,,,C
01TI1137A.PV,1HA,tube_COT,,,C
01TI1150A.PV,1HA,tube_COT,,,D
01TI1159A.PV,1HA,tube_COT,,,D
01TI2030A.PV,1HB,tube_COT,,,A
01TI2039A.PV,1HB,tube_COT,,,A
01TI2051A.PV,1HB,tube_COT,,,B
01TI2057A.PV,1HB,tube_COT,,,B
01TI2070A.PV,1HB,tube_COT,,,B
01TI2081A.PV,1HB,tube_COT,,,B
01TI2091A.PV,1HB,tube_COT,,,B
01TI2102A.PV,1HB,tube_COT,,,C
01TI2107A.PV,1HB,tube_COT,,,C
01TI2125A.PV,1HB,tube_COT,,,C
01TI2134A.PV,1HB,tube_COT,,,C
01TI2147A.PV,1HB,tube_COT,,,D
01TI2160A.PV,1HB,tube_COT,,,D
01TI2182A.PV,1HB,tube_COT,,,D
01TI3008A.PV,1HC,tube_COT,,,A
01TI3014A.PV,1HC,tube_COT,,,A
01TI3030A.PV,1HC,tube_COT,,,A
01TI3038A.PV,1HC,tube_COT,,,A
01TI3050A.PV,1HC,tube_COT,,,B
01TI3051A.PV,1HC,tube_COT,,,B
01TI3098A.PV,1HC,tube_COT,H-C TUBE CUR COT 098,DEGC,C
01TI3132A.PV,1HC,tube_COT,,,C
01TI3134A.PV,1HC,tube_COT,,,C
01TI1027A.PV,1HA,tube_COT,,DEGC,A
01TI1050A.PV,1HA,tube_COT,,,B
01TI1099A.PV,1HA,tube_COT,,,C
01TI1129A.PV,1HA,tube_COT,,,C
01TI1139A.PV,1HA,tube_COT,,,C
01TI1154A.PV,1HA,tube_COT,,,D
01TI1175A.PV,1HA,tube_COT,,,D
01TI2073A.PV,1HB,tube_COT,,,B
01TI2096A.PV,1HB,tube_COT,,,B
01TI2108A.PV,1HB,tube_COT,,,C
01TI2128A.PV,1HB,tube_COT,,,C
01TI2144A.PV,1HB,tube_COT,,,C
01TI2148A.PV,1HB,tube_COT,,,D
01TI2153A.PV,1HB,tube_COT,,,D
01TI2159A.PV,1HB,tube_COT,,,D
01TI2167A.PV,1HB,tube_COT,,,D
01TI3001A.PV,1HC,tube_COT,,,A
01TI3009A.PV,1HC,tube_COT,,,A
01TI3011A.PV,1HC,tube_COT,,,A
01TI3020A.PV,1HC,tube_COT,,,A
01TI3064A.PV,1HC,tube_COT,,,B
01TI3090A.PV,1HC,tube_COT,,,B
01TI3099A.PV,1HC,tube_COT,,DEGC,C
01TI3114A.PV,1HC,tube_COT,,,C
01TI3122A.PV,1HC,tube_COT,,,C
01TI3133A.PV,1HC,tube_COT,,,C
01TI3135A.PV,1HC,tube_COT,,,C
01TI1042A.PV,1HA,tube_COT,,,A
01TI1056A.PV,1HA,tube_COT,,,B
01TI1097A.PV,1HA,tube_COT,,,C
01TI1102A.PV,1HA,tube_COT,,,C
01TI1121A.PV,1HA,tube_COT,,,C
01TI1155A.PV,1HA,tube_COT,,,D
01TI1164A.PV,1HA,tube_COT,,,D
01TI1185A.PV,1HA,tube_COT,,,D
01TI2001A.PV,1HB,tube_COT,H-B TUBE CUR COT 001,DEGC,A
01TI2040A.PV,1HB,tube_COT,,,A
01TI2045A.PV,1HB,tube_COT,,,A
01TI2047A.PV,1HB,tube_COT,,,A
01TI2061A.PV,1HB,tube_COT,H-B TUBE CUR COT 061,DEGC,B
01TI2064A.PV,1HB,tube_COT,,,B
01TI2065A.PV,1HB,tube_COT,,,B
01TI2103A.PV,1HB,tube_COT,,,C
01TI2113A.PV,1HB,tube_COT,H-B TUBE CUR COT 113,DEGC,C
01TI2138A.PV,1HB,tube_COT,,,C
01TI2157A.PV,1HB,tube_COT,,,D
01TI3018A.PV,1HC,tube_COT,,,A
01TI3052A.PV,1HC,tube_COT,,,B
01TI3070A.PV,1HC,tube_COT,,,B
01TI3078A.PV,1HC,tube_COT,,,B
01TI3088A.PV,1HC,tube_COT,,,B
01TI3092A.PV,1HC,tube_COT,H-C TUBE CUR COT 092,DEGC,B
01TI3093A.PV,1HC,tube_COT,H-C TUBE CUR COT 093,DEGC,B
01TI3117A.PV,1HC,tube_COT,,,C
01TI3131A.PV,1HC,tube_COT,,,C
01TI3146A.PV,1HC,tube_COT,,,D
01TI1025A.PV,1HA,tube_COT,H-A TUBE CUR COT 025,DEGC,A
01TI1035A.PV,1HA,tube_COT,,,A
01TI1037A.PV,1HA,tube_COT,,,A
01TI1054A.PV,1HA,tube_COT,,,B
01TI1059A.PV,1HA,tube_COT,,,B
01TI1067A.PV,1HA,tube_COT,,,B
01TI1077A.PV,1HA,tube_COT,,,B
01TI1079A.PV,1HA,tube_COT,,,B
01TI1086A.PV,1HA,tube_COT,,,B
01TI1100A.PV,1HA,tube_COT,,,C
01TI1173A.PV,1HA,tube_COT,,,D
01TI1174A.PV,1HA,tube_COT,,,D
01TI1187A.PV,1HA,tube_COT,,,D
01TI2003A.PV,1HB,tube_COT,H-B TUBE CUR COT 003,DEGC,A
01TI2036A.PV,1HB,tube_COT,,,A
01TI2043A.PV,1HB,tube_COT,,,A
01TI2048A.PV,1HB,tube_COT,,,A
01TI2084A.PV,1HB,tube_COT,,,B
01TI2085A.PV,1HB,tube_COT,,,B
01TI2087A.PV,1HB,tube_COT,,,B
01TI2089A.PV,1HB,tube_COT,,,B
01TI2092A.PV,1HB,tube_COT,,,B
01TI2131A.PV,1HB,tube_COT,,,C
01TI2150A.PV,1HB,tube_COT,,,D
01TI2164A.PV,1HB,tube_COT,,,D
01TI2166A.PV,1HB,tube_COT,,,D
01TI2169A.PV,1HB,tube_COT,,,D
01TI2190A.PV,1HB,tube_COT,,,D
01TI3010A.PV,1HC,tube_COT,,,A
01TI3019A.PV,1HC,tube_COT,,,A
01TI3032A.PV,1HC,tube_COT,,,A
01TI3035A.PV,1HC,tube_COT,,,A
01TI3043A.PV,1HC,tube_COT,,,A
01TI3053A.PV,1HC,tube_COT,,,B
01TI3058A.PV,1HC,tube_COT,,,B
01TI3066A.PV,1HC,tube_COT,,,B
01TI3091A.PV,1HC,tube_COT,H-C TUBE CUR COT 091,DEGC,B
01TI3094A.PV,1HC,tube_COT,H-C TUBE CUR COT 094,DEGC,B
01TI3096A.PV,1HC,tube_COT,H-C TUBE CUR COT 096,DEGC,B
01TI3121A.PV,1HC,tube_COT,,,C
01TI1032A.PV,1HA,tube_COT,,,A
01TI1043A.PV,1HA,tube_COT,,,A
01TI1044A.PV,1HA,tube_COT,,,A
01TI1060A.PV,1HA,tube_COT,,,B
01TI1073A.PV,1HA,tube_COT,,,B
01TI1091A.PV,1HA,tube_COT,,,B
01TI1130A.PV,1HA,tube_COT,,,C
01TI1144A.PV,1HA,tube_COT,,,C
01TI1165A.PV,1HA,tube_COT,,,D
01TI2010A.PV,1HB,tube_COT,,,A
01TI2017A.PV,1HB,tube_COT,,,A
01TI2050A.PV,1HB,tube_COT,,,B
01TI2076A.PV,1HB,tube_COT,,,B
01TI2086A.PV,1HB,tube_COT,,,B
01TI2094A.PV,1HB,tube_COT,,,B
01TI2099A.PV,1HB,tube_COT,,,C
01TI2112A.PV,1HB,tube_COT,H-B TUBE CUR COT 112,DEGC,C
01TI2127A.PV,1HB,tube_COT,,,C
01TI2132A.PV,1HB,tube_COT,,,C
01TI3012A.PV,1HC,tube_COT,,,A
01TI3015A.PV,1HC,tube_COT,,,A
01TI3023A.PV,1HC,tube_COT,,,A
01TI3034A.PV,1HC,tube_COT,,,A
01TI3048A.PV,1HC,tube_COT,,,A
01TI3055A.PV,1HC,tube_COT,,,B
01TI3060A.PV,1HC,tube_COT,,,B
01TI3086A.PV,1HC,tube_COT,,,B
01TI3141A.PV,1HC,tube_COT,,,C
01TI3155A.PV,1HC,tube_COT,H-C TUBE CUR COT 155,DEGC,D
01TI3176A.PV,1HC,tube_COT,,,D
01TI3186A.PV,1HC,tube_COT,,,D
01TI4017A.PV,1HD,tube_COT,,,A
01TI4064A.PV,1HD,tube_COT,,,B
01TI4065A.PV,1HD,tube_COT,,,B
01TI4068A.PV,1HD,tube_COT,,,B
01TI4073A.PV,1HD,tube_COT,H-D TUBE CUR COT 073,DEGC,B
01TI4095A.PV,1HD,tube_COT,,,B
01TI4099A.PV,1HD,tube_COT,,,C
01TI4102A.PV,1HD,tube_COT,,,C
01TI4167A.PV,1HD,tube_COT,,,D
01TI4170A.PV,1HD,tube_COT,,,D
01TI4191A.PV,1HD,tube_COT,H-D TUBE CUR COT 191,DEGC,D
01TI5003A.PV,1HE,tube_COT,,,A
01TI5008A.PV,1HE,tube_COT,,,A
01TI5047A.PV,1HE,tube_COT,,,A
01TI5049A.PV,1HE,tube_COT,,,B
01TI5054A.PV,1HE,tube_COT,H-E TUBE CUR COT 054,DEGC,B
01TI5057A.PV,1HE,tube_COT,,DEGC,B
01TI5075A.PV,1HE,tube_COT,,,B
01TI5091A.PV,1HE,tube_COT,,,B
01TI5104A.PV,1HE,tube_COT,,,C
01TI5112A.PV,1HE,tube_COT,H-E TUBE CUR COT 112,DEGC,C
01TI5123A.PV,1HE,tube_COT,,,C
01TI5124A.PV,1HE,tube_COT,,,C
01TI5139A.PV,1HE,tube_COT,,,C
01TI5142A.PV,1HE,tube_COT,,,C
01TI5146A.PV,1HE,tube_COT,,,D
01TI5157A.PV,1HE,tube_COT,,,D
01TI5159A.PV,1HE,tube_COT,,,D
01TI6022A.PV,1HF,tube_COT,,,A
01TI6023A.PV,1HF,tube_COT,,,A
01TI6072A.PV,1HF,tube_COT,,,B
01TI4001A.PV,1HD,tube_COT,,,A
01TI4026A.PV,1HD,tube_COT,,,A
01TI4058A.PV,1HD,tube_COT,,,B
01TI4078A.PV,1HD,tube_COT,,DEGC,B
01TI4117A.PV,1HD,tube_COT,,,C
01TI4129A.PV,1HD,tube_COT,,,C
01TI4139A.PV,1HD,tube_COT,,,C
01TI4143A.PV,1HD,tube_COT,,,C
01TI4150A.PV,1HD,tube_COT,,,D
01TI4162A.PV,1HD,tube_COT,,,D
01TI4169A.PV,1HD,tube_COT,,,D
01TI4175A.PV,1HD,tube_COT,,,D
01TI4185A.PV,1HD,tube_COT,,,D
01TI4187A.PV,1HD,tube_COT,,,D
01TI5002A.PV,1HE,tube_COT,,,A
01TI5005A.PV,1HE,tube_COT,,,A
01TI5015A.PV,1HE,tube_COT,,,A
01TI5017A.PV,1HE,tube_COT,,,A
01TI5022A.PV,1HE,tube_COT,,,A
01TI5045A.PV,1HE,tube_COT,,,A
01TI5059A.PV,1HE,tube_COT,,,B
01TI5068A.PV,1HE,tube_COT,,,B
01TI5069A.PV,1HE,tube_COT,,,B
01TI5099A.PV,1HE,tube_COT,,,C
01TI5134A.PV,1HE,tube_COT,,,C
01TI5136A.PV,1HE,tube_COT,,,C
01TI5163A.PV,1HE,tube_COT,,,D
01TI5165A.PV,1HE,tube_COT,,,D
01TI5174A.PV,1HE,tube_COT,,,D
01TI5175A.PV,1HE,tube_COT,,,D
01TI5180A.PV,1HE,tube_COT,,,D
01TI5186A.PV,1HE,tube_COT,,,D
01TI6006A.PV,1HF,tube_COT,,,A
01TI6015A.PV,1HF,tube_COT,,,A
01TI6016A.PV,1HF,tube_COT,,,A
01TI6030A.PV,1HF,tube_COT,,,A
01TI6040A.PV,1HF,tube_COT,,,A
01TI6044A.PV,1HF,tube_COT,,,A
01TI6060A.PV,1HF,tube_COT,,,B
01TI6070A.PV,1HF,tube_COT,,,B
01TI6073A.PV,1HF,tube_COT,,,B
01TI6075A.PV,1HF,tube_COT,,,B
01TI6088A.PV,1HF,tube_COT,,,B
01TI6090A.PV,1HF,tube_COT,,,B
01TI3175A.PV,1HC,tube_COT,,,D
01TI3181A.PV,1HC,tube_COT,,,D
01TI4007A.PV,1HD,tube_COT,,,A
01TI4012A.PV,1HD,tube_COT,,,A
01TI4028A.PV,1HD,tube_COT,,,A
01TI4047A.PV,1HD,tube_COT,,,A
01TI4079A.PV,1HD,tube_COT,,,B
01TI4090A.PV,1HD,tube_COT,,,B
01TI4092A.PV,1HD,tube_COT,,,B
01TI4093A.PV,1HD,tube_COT,,,B
01TI4121A.PV,1HD,tube_COT,,,C
01TI4122A.PV,1HD,tube_COT,,,C
01TI4124A.PV,1HD,tube_COT,,,C
01TI4160A.PV,1HD,tube_COT,,,D
01TI4174A.PV,1HD,tube_COT,,,D
01TI5006A.PV,1HE,tube_COT,,,A
01TI5009A.PV,1HE,tube_COT,,,A
01TI5041A.PV,1HE,tube_COT,,,A
01TI5145A.PV,1HE,tube_COT,,,D
01TI5182A.PV,1HE,tube_COT,,,D
01TI6011A.PV,1HF,tube_COT,,,A
01TI6012A.PV,1HF,tube_COT,,,A
01TI6020A.PV,1HF,tube_COT,,,A
01TI6038A.PV,1HF,tube_COT,,,A
01TI6069A.PV,1HF,tube_COT,,,B
01TI6084A.PV,1HF,tube_COT,,,B
01TI6089A.PV,1HF,tube_COT,,,B
01TI3159A.PV,1HC,tube_COT,,,D
01TI3173A.PV,1HC,tube_COT,,,D
01TI3180A.PV,1HC,tube_COT,,,D
01TI3185A.PV,1HC,tube_COT,,,D
01TI3189A.PV,1HC,tube_COT,,,D
01TI4002A.PV,1HD,tube_COT,,,A
01TI4003A.PV,1HD,tube_COT,,,A
01TI4005A.PV,1HD,tube_COT,,,A
01TI4006A.PV,1HD,tube_COT,,,A
01TI4027A.PV,1HD,tube_COT,,,A
01TI4044A.PV,1HD,tube_COT,,,A
01TI4054A.PV,1HD,tube_COT,,,B
01TI4126A.PV,1HD,tube_COT,,,C
01TI4140A.PV,1HD,tube_COT,,,C
01TI4165A.PV,1HD,tube_COT,,,D
01TI4189A.PV,1HD,tube_COT,,,D
01TI5023A.PV,1HE,tube_COT,,,A
01TI5029A.PV,1HE,tube_COT,,,A
01TI5037A.PV,1HE,tube_COT,,,A
01TI5065A.PV,1HE,tube_COT,,,B
01TI5070A.PV,1HE,tube_COT,,,B
01TI5103A.PV,1HE,tube_COT,,,C
01TI5128A.PV,1HE,tube_COT,,,C
01TI5147A.PV,1HE,tube_COT,,,D
01TI5167A.PV,1HE,tube_COT,,,D
01TI5178A.PV,1HE,tube_COT,,,D
01TI5189A.PV,1HE,tube_COT,,,D
01TI6057A.PV,1HF,tube_COT,,,B
01TI6078A.PV,1HF,tube_COT,,,B
01TI6083A.PV,1HF,tube_COT,,,B
01TI3158A.PV,1HC,tube_COT,,,D
01TI3164A.PV,1HC,tube_COT,,,D
01TI3170A.PV,1HC,tube_COT,,,D
01TI4010A.PV,1HD,tube_COT,,,A
01TI4021A.PV,1HD,tube_COT,,DEGC,A
01TI4025A.PV,1HD,tube_COT,,,A
01TI4032A.PV,1HD,tube_COT,,,A
01TI4038A.PV,1HD,tube_COT,,,A
01TI4060A.PV,1HD,tube_COT,,,B
01TI4069A.PV,1HD,tube_COT,,,B
01TI4074A.PV,1HD,tube_COT,H-D TUBE CUR COT 074,DEGC,B
01TI4075A.PV,1HD,tube_COT,H-D TUBE CUR COT 075,DEGC,B
01TI4137A.PV,1HD,tube_COT,,,C
01TI4138A.PV,1HD,tube_COT,,,C
01TI5055A.PV,1HE,tube_COT,H-E TUBE CUR COT 055,DEGC,B
01TI5092A.PV,1HE,tube_COT,,,B
01TI5093A.PV,1HE,tube_COT,,,B
01TI5094A.PV,1HE,tube_COT,,,B
01TI5111A.PV,1HE,tube_COT,H-E TUBE CUR COT 111,DEGC,C
01TI5116A.PV,1HE,tube_COT,,,C
01TI5126A.PV,1HE,tube_COT,,,C
01TI5137A.PV,1HE,tube_COT,,,C
01TI5144A.PV,1HE,tube_COT,,,C
01TI5150A.PV,1HE,tube_COT,,,D
01TI5155A.PV,1HE,tube_COT,,,D
01TI5169A.PV,1HE,tube_COT,,,D
01TI5176A.PV,1HE,tube_COT,,,D
01TI5187A.PV,1HE,tube_COT,,,D
01TI6032A.PV,1HF,tube_COT,H-F TUBE CUR COT 032,DEGC,A
01TI6092A.PV,1HF,tube_COT,H-F TUBE CUR COT 092,DEGC,B
01TI6099A.PV,1HF,tube_COT,,,C
01TI3167A.PV,1HC,tube_COT,,,D
01TI3184A.PV,1HC,tube_COT,,,D
01TI3188A.PV,1HC,tube_COT,,,D
01TI3190A.PV,1HC,tube_COT,,,D
01TI4022A.PV,1HD,tube_COT,,,A
01TI4061A.PV,1HD,tube_COT,,,B
01TI4066A.PV,1HD,tube_COT,,,B
01TI4070A.PV,1HD,tube_COT,,,B
01TI4111A.PV,1HD,tube_COT,,,C
01TI4131A.PV,1HD,tube_COT,H-D TUBE CUR COT 131,DEGC,C
01TI4144A.PV,1HD,tube_COT,,,C
01TI4183A.PV,1HD,tube_COT,,,D
01TI4186A.PV,1HD,tube_COT,,,D
01TI4190A.PV,1HD,tube_COT,,,D
01TI5014A.PV,1HE,tube_COT,,,A
01TI5043A.PV,1HE,tube_COT,,,A
01TI5046A.PV,1HE,tube_COT,,,A
01TI5073A.PV,1HE,tube_COT,,,B
01TI5100A.PV,1HE,tube_COT,,,C
01TI5117A.PV,1HE,tube_COT,,,C
01TI5121A.PV,1HE,tube_COT,,,C
01TI5127A.PV,1HE,tube_COT,,,C
01TI5149A.PV,1HE,tube_COT,,,D
01TI5156A.PV,1HE,tube_COT,,,D
01TI5161A.PV,1HE,tube_COT,,,D
01TI5171A.PV,1HE,tube_COT,,DEGC,D
01TI5179A.PV,1HE,tube_COT,,,D
01TI6009A.PV,1HF,tube_COT,,,A
01TI6018A.PV,1HF,tube_COT,,,A
01TI6042A.PV,1HF,tube_COT,,,A
01TI6045A.PV,1HF,tube_COT,,,A
01TI6047A.PV,1HF,tube_COT,,,A
01TI6052A.PV,1HF,tube_COT,,,B
01TI6058A.PV,1HF,tube_COT,,,B
01TI6076A.PV,1HF,tube_COT,,,B
01TI6077A.PV,1HF,tube_COT,,,B
01TI6080A.PV,1HF,tube_COT,,,B
01TI3160A.PV,1HC,tube_COT,,,D
01TI3171A.PV,1HC,tube_COT,,,D
01TI3183A.PV,1HC,tube_COT,,,D
01TI4037A.PV,1HD,tube_COT,,,A
01TI4049A.PV,1HD,tube_COT,,,B
01TI4080A.PV,1HD,tube_COT,,,B
01TI4089A.PV,1HD,tube_COT,,,B
01TI4094A.PV,1HD,tube_COT,,,B
01TI4112A.PV,1HD,tube_COT,,,C
01TI4113A.PV,1HD,tube_COT,,,C
01TI4127A.PV,1HD,tube_COT,,,C
01TI4134A.PV,1HD,tube_COT,H-D TUBE CUR COT 134,DEGC,C
01TI4135A.PV,1HD,tube_COT,,DEGC,C
01TI4154A.PV,1HD,tube_COT,,,D
01TI4155A.PV,1HD,tube_COT,,,D
01TI4158A.PV,1HD,tube_COT,,,D
01TI4166A.PV,1HD,tube_COT,,,D
01TI4178A.PV,1HD,tube_COT,,,D
01TI5019A.PV,1HE,tube_COT,,,A
01TI5044A.PV,1HE,tube_COT,,,A
01TI5074A.PV,1HE,tube_COT,,,B
01TI5084A.PV,1HE,tube_COT,,,B
01TI5140A.PV,1HE,tube_COT,,,C
01TI5153A.PV,1HE,tube_COT,,,D
01TI5183A.PV,1HE,tube_COT,,,D
01TI5191A.PV,1HE,tube_COT,,,D
01TI6025A.PV,1HF,tube_COT,,,A
01TI6051A.PV,1HF,tube_COT,,,B
01TI6053A.PV,1HF,tube_COT,,,B
01TI6062A.PV,1HF,tube_COT,,,B
01TI3168A.PV,1HC,tube_COT,,,D
01TI4011A.PV,1HD,tube_COT,,,A
01TI4039A.PV,1HD,tube_COT,,,A
01TI4045A.PV,1HD,tube_COT,,,A
01TI4052A.PV,1HD,tube_COT,,,B
01TI4097A.PV,1HD,tube_COT,,,C
01TI4119A.PV,1HD,tube_COT,,,C
01TI4146A.PV,1HD,tube_COT,,,D
01TI4177A.PV,1HD,tube_COT,,,D
01TI5001A.PV,1HE,tube_COT,,,A
01TI5010A.PV,1HE,tube_COT,,,A
01TI5060A.PV,1HE,tube_COT,,,B
01TI5076A.PV,1HE,tube_COT,,,B
01TI5098A.PV,1HE,tube_COT,,,C
01TI5113A.PV,1HE,tube_COT,H-E TUBE CUR COT 113,DEGC,C
01TI5168A.PV,1HE,tube_COT,,,D
01TI5170A.PV,1HE,tube_COT,,,D
01TI6001A.PV,1HF,tube_COT,,,A
01TI6014A.PV,1HF,tube_COT,,,A
01TI6017A.PV,1HF,tube_COT,,,A
01TI6031A.PV,1HF,tube_COT,H-F TUBE CUR COT 031,DEGC,A
01TI6036A.PV,1HF,tube_COT,,DEGC,A
01TI6048A.PV,1HF,tube_COT,,,A
01TI6054A.PV,1HF,tube_COT,,,B
01TI6064A.PV,1HF,tube_COT,,,B
01TI6087A.PV,1HF,tube_COT,,,B
01TI3182A.PV,1HC,tube_COT,,,D
01TI4009A.PV,1HD,tube_COT,,,A
01TI4013A.PV,1HD,tube_COT,,,A
01TI4031A.PV,1HD,tube_COT,,,A
01TI4034A.PV,1HD,tube_COT,,,A
01TI4040A.PV,1HD,tube_COT,,,A
01TI4046A.PV,1HD,tube_COT,,,A
01TI4053A.PV,1HD,tube_COT,,,B
01TI4100A.PV,1HD,tube_COT,,,C
01TI4171A.PV,1HD,tube_COT,,,D
01TI4172A.PV,1HD,tube_COT,,,D
01TI4173A.PV,1HD,tube_COT,,,D
01TI5011A.PV,1HE,tube_COT,,,A
01TI5033A.PV,1HE,tube_COT,,,A
01TI5036A.PV,1HE,tube_COT,,,A
01TI5081A.PV,1HE,tube_COT,,,B
01TI5095A.PV,1HE,tube_COT,,,B
01TI5122A.PV,1HE,tube_COT,,,C
01TI5130A.PV,1HE,tube_COT,,,C
01TI5135A.PV,1HE,tube_COT,,,C
01TI6004A.PV,1HF,tube_COT,,,A
01TI6027A.PV,1HF,tube_COT,,,A
01TI6028A.PV,1HF,tube_COT,,,A
01TI6033A.PV,1HF,tube_COT,H-F TUBE CUR COT 033,DEGC,A
01TI6034A.PV,1HF,tube_COT,H-F TUBE CUR COT 034,DEGC,A
01TI6086A.PV,1HF,tube_COT,,,B
01TI6096A.PV,1HF,tube_COT,,,B
01TI3161A.PV,1HC,tube_COT,,,D
01TI3169A.PV,1HC,tube_COT,,,D
01TI3179A.PV,1HC,tube_COT,,,D
01TI4008A.PV,1HD,tube_COT,,,A
01TI4014A.PV,1HD,tube_COT,,,A
01TI4033A.PV,1HD,tube_COT,,,A
01TI4036A.PV,1HD,tube_COT,,,A
01TI4042A.PV,1HD,tube_COT,,,A
01TI4043A.PV,1HD,tube_COT,,,A
01TI4071A.PV,1HD,tube_COT,H-D TUBE CUR COT 071,DEGC,B
01TI4076A.PV,1HD,tube_COT,H-D TUBE CUR COT 076,DEGC,B
01TI4086A.PV,1HD,tube_COT,,,B
01TI4098A.PV,1HD,tube_COT,,,C
01TI4101A.PV,1HD,tube_COT,,,C
01TI4105A.PV,1HD,tube_COT,,,C
01TI4114A.PV,1HD,tube_COT,,,C
01TI4120A.PV,1HD,tube_COT,,,C
01TI4125A.PV,1HD,tube_COT,,,C
01TI4130A.PV,1HD,tube_COT,,,C
01TI5004A.PV,1HE,tube_COT,,,A
01TI5020A.PV,1HE,tube_COT,,,A
01TI5026A.PV,1HE,tube_COT,,,A
01TI5027A.PV,1HE,tube_COT,,,A
01TI5039A.PV,1HE,tube_COT,,,A
01TI5051A.PV,1HE,tube_COT,H-E TUBE CUR COT 051,DEGC,B
01TI5053A.PV,1HE,tube_COT,H-E TUBE CUR COT 053,DEGC,B
01TI5063A.PV,1HE,tube_COT,,,B
01TI5079A.PV,1HE,tube_COT,,,B
01TI5082A.PV,1HE,tube_COT,,,B
01TI5083A.PV,1HE,tube_COT,,,B
01TI5088A.PV,1HE,tube_COT,,,B
01TI5096A.PV,1HE,tube_COT,,,B
01TI5105A.PV,1HE,tube_COT,,,C
01TI5158A.PV,1HE,tube_COT,,,D
01TI5190A.PV,1HE,tube_COT,,,D
01TI6024A.PV,1HF,tube_COT,,,A
01TI6026A.PV,1HF,tube_COT,,,A
01TI6095A.PV,1HF,tube_COT,,,B
01TI6098A.PV,1HF,tube_COT,,,C
01TI3166A.PV,1HC,tube_COT,,,D
01TI3172A.PV,1HC,tube_COT,,,D
01TI3187A.PV,1HC,tube_COT,,,D
01TI4016A.PV,1HD,tube_COT,,,A
01TI4041A.PV,1HD,tube_COT,,,A
01TI4081A.PV,1HD,tube_COT,,,B
01TI4084A.PV,1HD,tube_COT,,,B
01TI4103A.PV,1HD,tube_COT,,,C
01TI4128A.PV,1HD,tube_COT,,,C
01TI4161A.PV,1HD,tube_COT,,,D
01TI4164A.PV,1HD,tube_COT,,,D
01TI4180A.PV,1HD,tube_COT,,,D
01TI5025A.PV,1HE,tube_COT,,,A
01TI5080A.PV,1HE,tube_COT,,,B
01TI5102A.PV,1HE,tube_COT,,,C
01TI5106A.PV,1HE,tube_COT,,,C
01TI5115A.PV,1HE,tube_COT,,,C
01TI5120A.PV,1HE,tube_COT,,,C
01TI5154A.PV,1HE,tube_COT,,,D
01TI5181A.PV,1HE,tube_COT,,,D
01TI5185A.PV,1HE,tube_COT,,,D
01TI5192A.PV,1HE,tube_COT,,,D
01TI6010A.PV,1HF,tube_COT,,,A
01TI6021A.PV,1HF,tube_COT,,,A
01TI6046A.PV,1HF,tube_COT,,,A
01TI6059A.PV,1HF,tube_COT,,,B
01TI6094A.PV,1HF,tube_COT,,,B
01TI4019A.PV,1HD,tube_COT,,,A
01TI4020A.PV,1HD,tube_COT,,,A
01TI4030A.PV,1HD,tube_COT,,,A
01TI4055A.PV,1HD,tube_COT,,,B
01TI4077A.PV,1HD,tube_COT,H-D TUBE CUR COT 077,DEGC,B
01TI4082A.PV,1HD,tube_COT,,,B
01TI4091A.PV,1HD,tube_COT,,,B
01TI4132A.PV,1HD,tube_COT,H-D TUBE CUR COT 132,DEGC,C
01TI4136A.PV,1HD,tube_COT,,,C
01TI4145A.PV,1HD,tube_COT,,,D
01TI4152A.PV,1HD,tube_COT,,,D
01TI4153A.PV,1HD,tube_COT,,,D
01TI4163A.PV,1HD,tube_COT,,,D
01TI4168A.PV,1HD,tube_COT,,,D
01TI4176A.PV,1HD,tube_COT,,,D
01TI4192A.PV,1HD,tube_COT,,DEGC,D
01TI5038A.PV,1HE,tube_COT,,,A
01TI5052A.PV,1HE,tube_COT,H-E TUBE CUR COT 052,DEGC,B
01TI5108A.PV,1HE,tube_COT,,,C
01TI5114A.PV,1HE,tube_COT,,DEGC,C
01TI5129A.PV,1HE,tube_COT,,,C
01TI5133A.PV,1HE,tube_COT,,,C
01TI5152A.PV,1HE,tube_COT,,,D
01TI5160A.PV,1HE,tube_COT,,,D
01TI5172A.PV,1HE,tube_COT,,,D
01TI5177A.PV,1HE,tube_COT,,,D
01TI6002A.PV,1HF,tube_COT,,,A
01TI6003A.PV,1HF,tube_COT,,,A
01TI6008A.PV,1HF,tube_COT,,,A
01TI6039A.PV,1HF,tube_COT,,,A
01TI6049A.PV,1HF,tube_COT,,,B
01TI6056A.PV,1HF,tube_COT,,,B
01TI6063A.PV,1HF,tube_COT,,,B
01TI6068A.PV,1HF,tube_COT,,,B
01TI6074A.PV,1HF,tube_COT,,,B
01TI6100A.PV,1HF,tube_COT,,,C
01TI3162A.PV,1HC,tube_COT,,,D
01TI3163A.PV,1HC,tube_COT,,,D
01TI3178A.PV,1HC,tube_COT,,,D
01TI4050A.PV,1HD,tube_COT,,,B
01TI4085A.PV,1HD,tube_COT,,,B
01TI4107A.PV,1HD,tube_COT,,,C
01TI4148A.PV,1HD,tube_COT,,,D
01TI4181A.PV,1HD,tube_COT,,,D
01TI5012A.PV,1HE,tube_COT,,,A
01TI5013A.PV,1HE,tube_COT,,,A
01TI5018A.PV,1HE,tube_COT,,,A
01TI5024A.PV,1HE,tube_COT,,,A
01TI5034A.PV,1HE,tube_COT,,,A
01TI5042A.PV,1HE,tube_COT,,,A
01TI5050A.PV,1HE,tube_COT,,,B
01TI5058A.PV,1HE,tube_COT,,,B
01TI5067A.PV,1HE,tube_COT,,,B
01TI5090A.PV,1HE,tube_COT,,,B
01TI5097A.PV,1HE,tube_COT,,,C
01TI5118A.PV,1HE,tube_COT,,,C
01TI5125A.PV,1HE,tube_COT,,,C
01TI5138A.PV,1HE,tube_COT,,,C
01TI5166A.PV,1HE,tube_COT,,,D
01TI5184A.PV,1HE,tube_COT,,,D
01TI6041A.PV,1HF,tube_COT,,,A
01TI6079A.PV,1HF,tube_COT,,,B
01TI6081A.PV,1HF,tube_COT,,,B
01TI6082A.PV,1HF,tube_COT,,,B
01TI6091A.PV,1HF,tube_COT,H-F TUBE CUR COT 091,DEGC,B
01TI6093A.PV,1HF,tube_COT,,DEGC,B
01TI6097A.PV,1HF,tube_COT,,,C
01TI3177A.PV,1HC,tube_COT,,,D
01TI3192A.PV,1HC,tube_COT,,,D
01TI4004A.PV,1HD,tube_COT,,,A
01TI4035A.PV,1HD,tube_COT,,,A
01TI4051A.PV,1HD,tube_COT,,,B
01TI4059A.PV,1HD,tube_COT,,,B
01TI4104A.PV,1HD,tube_COT,,,C
01TI4106A.PV,1HD,tube_COT,,,C
01TI4108A.PV,1HD,tube_COT,,,C
01TI4115A.PV,1HD,tube_COT,,,C
01TI4116A.PV,1HD,tube_COT,,,C
01TI4118A.PV,1HD,tube_COT,,,C
01TI4123A.PV,1HD,tube_COT,,,C
01TI4141A.PV,1HD,tube_COT,,,C
01TI4156A.PV,1HD,tube_COT,,,D
01TI4159A.PV,1HD,tube_COT,,,D
01TI5028A.PV,1HE,tube_COT,,,A
01TI5030A.PV,1HE,tube_COT,,,A
01TI5048A.PV,1HE,tube_COT,,,A
01TI5066A.PV,1HE,tube_COT,,,B
01TI5071A.PV,1HE,tube_COT,,,B
01TI5078A.PV,1HE,tube_COT,,,B
01TI5110A.PV,1HE,tube_COT,,,C
01TI5131A.PV,1HE,tube_COT,,,C
01TI5162A.PV,1HE,tube_COT,,,D
01TI5164A.PV,1HE,tube_COT,,,D
01TI6005A.PV,1HF,tube_COT,,,A
01TI6029A.PV,1HF,tube_COT,,,A
01TI6035A.PV,1HF,tube_COT,H-F TUBE CUR COT 035,DEGC,A
01TI6037A.PV,1HF,tube_COT,,,A
01TI6050A.PV,1HF,tube_COT,,,B
01TI6066A.PV,1HF,tube_COT,,,B
01TI3157A.PV,1HC,tube_COT,,,D
01TI3165A.PV,1HC,tube_COT,,,D
01TI3174A.PV,1HC,tube_COT,,,D
01TI4029A.PV,1HD,tube_COT,,,A
01TI4048A.PV,1HD,tube_COT,,,A
01TI4063A.PV,1HD,tube_COT,,,B
01TI4067A.PV,1HD,tube_COT,,,B
01TI4072A.PV,1HD,tube_COT,H-D TUBE CUR COT 072,DEGC,B
01TI4087A.PV,1HD,tube_COT,,,B
01TI4109A.PV,1HD,tube_COT,,,C
01TI4133A.PV,1HD,tube_COT,H-D TUBE CUR COT 133,DEGC,C
01TI4147A.PV,1HD,tube_COT,,,D
01TI4149A.PV,1HD,tube_COT,,,D
01TI4157A.PV,1HD,tube_COT,,,D
01TI4182A.PV,1HD,tube_COT,,,D
01TI4184A.PV,1HD,tube_COT,,,D
01TI5007A.PV,1HE,tube_COT,,,A
01TI5016A.PV,1HE,tube_COT,,,A
01TI5031A.PV,1HE,tube_COT,,,A
01TI5040A.PV,1HE,tube_COT,,,A
01TI5062A.PV,1HE,tube_COT,,,B
01TI5064A.PV,1HE,tube_COT,,,B
01TI5072A.PV,1HE,tube_COT,,,B
01TI5085A.PV,1HE,tube_COT,,,B
01TI5089A.PV,1HE,tube_COT,,,B
01TI5107A.PV,1HE,tube_COT,,,C
01TI5132A.PV,1HE,tube_COT,,,C
01TI5141A.PV,1HE,tube_COT,,,C
01TI5143A.PV,1HE,tube_COT,,,C
01TI5148A.PV,1HE,tube_COT,,,D
01TI5151A.PV,1HE,tube_COT,,,D
01TI6019A.PV,1HF,tube_COT,,,A
01TI6043A.PV,1HF,tube_COT,,,A
01TI6065A.PV,1HF,tube_COT,,,B
01TI6071A.PV,1HF,tube_COT,,,B
01TI3191A.PV,1HC,tube_COT,,,D
01TI4015A.PV,1HD,tube_COT,,,A
01TI4018A.PV,1HD,tube_COT,,,A
01TI4023A.PV,1HD,tube_COT,,,A
01TI4024A.PV,1HD,tube_COT,,,A
01TI4056A.PV,1HD,tube_COT,,,B
01TI4057A.PV,1HD,tube_COT,,,B
01TI4062A.PV,1HD,tube_COT,,,B
01TI4083A.PV,1HD,tube_COT,,,B
01TI4088A.PV,1HD,tube_COT,,,B
01TI4096A.PV,1HD,tube_COT,,,B
01TI4110A.PV,1HD,tube_COT,,,C
01TI4142A.PV,1HD,tube_COT,,,C
01TI4151A.PV,1HD,tube_COT,,,D
01TI4179A.PV,1HD,tube_COT,,,D
01TI4188A.PV,1HD,tube_COT,,,D
01TI5021A.PV,1HE,tube_COT,,,A
01TI5032A.PV,1HE,tube_COT,,,A
01TI5035A.PV,1HE,tube_COT,,,A
01TI5056A.PV,1HE,tube_COT,H-E TUBE CUR COT 056,DEGC,B
01TI5061A.PV,1HE,tube_COT,,,B
01TI5077A.PV,1HE,tube_COT,,,B
01TI5086A.PV,1HE,tube_COT,,,B
01TI5087A.PV,1HE,tube_COT,,,B
01TI5101A.PV,1HE,tube_COT,,,C
01TI5109A.PV,1HE,tube_COT,,,C
01TI5119A.PV,1HE,tube_COT,,,C
01TI5173A.PV,1HE,tube_COT,,,D
01TI5188A.PV,1HE,tube_COT,,,D
01TI6007A.PV,1HF,tube_COT,,,A
01TI6013A.PV,1HF,tube_COT,,,A
01TI6055A.PV,1HF,tube_COT,,,B
01TI6061A.PV,1HF,tube_COT,,,B
01TI6067A.PV,1HF,tube_COT,,,B
01TI6085A.PV,1HF,tube_COT,,,B
01TI6108A.PV,1HF,tube_COT,,,C
01TI6153A.PV,1HF,tube_COT,,,D
01TI6167A.PV,1HF,tube_COT,,,D
01TI6179A.PV,1HF,tube_COT,,,D
01TI6190A.PV,1HF,tube_COT,,,D
01TI7008A.PV,1HG,tube_COT,,,A
01TI7015A.PV,1HG,tube_COT,,DEGC,A
01TI7025A.PV,1HG,tube_COT,,,A
01TI7042A.PV,1HG,tube_COT,,,A
01TI7114A.PV,1HG,tube_COT,,,C
01TI7123A.PV,1HG,tube_COT,H-G TUBE CUR COT 123,DEGC,C
01TI7149A.PV,1HG,tube_COT,,,D
01TI7156A.PV,1HG,tube_COT,,,D
01TI7169A.PV,1HG,tube_COT,,,D
01TI7183A.PV,1HG,tube_COT,H-G TUBE CUR COT 183,DEGC,D
01TI7189A.PV,1HG,tube_COT,H-G TUBE CUR COT 189,DEGC,D
01TI6125A.PV,1HF,tube_COT,,,C
01TI6140A.PV,1HF,tube_COT,,,C
01TI6144A.PV,1HF,tube_COT,H-F TUBE CUR COT 144,DEGC,C
01TI6152A.PV,1HF,tube_COT,,,D
01TI6155A.PV,1HF,tube_COT,,,D
01TI6156A.PV,1HF,tube_COT,,,D
01TI6183A.PV,1HF,tube_COT,,,D
01TI6184A.PV,1HF,tube_COT,,,D
01TI7023A.PV,1HG,tube_COT,,,A
01TI7045A.PV,1HG,tube_COT,,,A
01TI7056A.PV,1HG,tube_COT,,,B
01TI7060A.PV,1HG,tube_COT,,,B
01TI7070A.PV,1HG,tube_COT,,,B
01TI7076A.PV,1HG,tube_COT,,,B
01TI7081A.PV,1HG,tube_COT,,,B
01TI7085A.PV,1HG,tube_COT,,,B
01TI7092A.PV,1HG,tube_COT,,,B
01TI7111A.PV,1HG,tube_COT,,,C
01TI7113A.PV,1HG,tube_COT,,,C
01TI7118A.PV,1HG,tube_COT,,,C
01TI7145A.PV,1HG,tube_COT,,,D
01TI7152A.PV,1HG,tube_COT,,,D
01TI6117A.PV,1HF,tube_COT,,,C
01TI6139A.PV,1HF,tube_COT,,,C
01TI6146A.PV,1HF,tube_COT,H-F TUBE CUR COT 146,DEGC,D
01TI6154A.PV,1HF,tube_COT,,,D
01TI6173A.PV,1HF,tube_COT,,,D
01TI6177A.PV,1HF,tube_COT,,,D
01TI6192A.PV,1HF,tube_COT,,,D
01TI7031A.PV,1HG,tube_COT,,,A
01TI7043A.PV,1HG,tube_COT,,,A
01TI7044A.PV,1HG,tube_COT,,,A
01TI7073A.PV,1HG,tube_COT,,,B
01TI7086A.PV,1HG,tube_COT,,,B
01TI7096A.PV,1HG,tube_COT,,,B
01TI7098A.PV,1HG,tube_COT,,,C
01TI7124A.PV,1HG,tube_COT,H-G TUBE CUR COT 124,DEGC,C
01TI7133A.PV,1HG,tube_COT,,,C
01TI7134A.PV,1HG,tube_COT,,,C
01TI7143A.PV,1HG,tube_COT,,,C
01TI7150A.PV,1HG,tube_COT,,,D
01TI7154A.PV,1HG,tube_COT,,,D
01TI7171A.PV,1HG,tube_COT,,,D
01TI7179A.PV,1HG,tube_COT,,,D
01TI7181A.PV,1HG,tube_COT,H-G TUBE CUR COT 181,DEGC,D
01TI7182A.PV,1HG,tube_COT,H-G TUBE CUR COT 182,DEGC,D
01TI7184A.PV,1HG,tube_COT,H-G TUBE CUR COT 184,DEGC,D
01TI6103A.PV,1HF,tube_COT,,,C
01TI6124A.PV,1HF,tube_COT,,,C
01TI6135A.PV,1HF,tube_COT,,,C
01TI6161A.PV,1HF,tube_COT,,,D
01TI6164A.PV,1HF,tube_COT,,,D
01TI6187A.PV,1HF,tube_COT,,,D
01TI7002A.PV,1HG,tube_COT,,,A
01TI7009A.PV,1HG,tube_COT,,,A
01TI7036A.PV,1HG,tube_COT,,,A
01TI7039A.PV,1HG,tube_COT,,,A
01TI7041A.PV,1HG,tube_COT,,,A
01TI7062A.PV,1HG,tube_COT,,,B
01TI7132A.PV,1HG,tube_COT,,,C
01TI7151A.PV,1HG,tube_COT,,,D
01TI7155A.PV,1HG,tube_COT,,,D
01TI7160A.PV,1HG,tube_COT,,,D
01TI6145A.PV,1HF,tube_COT,H-F TUBE CUR COT 145,DEGC,D
01TI6185A.PV,1HF,tube_COT,,,D
01TI6186A.PV,1HF,tube_COT,,,D
01TI7006A.PV,1HG,tube_COT,,,A
01TI7016A.PV,1HG,tube_COT,,,A
01TI7022A.PV,1HG,tube_COT,,,A
01TI7058A.PV,1HG,tube_COT,,,B
01TI7059A.PV,1HG,tube_COT,,,B
01TI7067A.PV,1HG,tube_COT,,,B
01TI7077A.PV,1HG,tube_COT,,,B
01TI7093A.PV,1HG,tube_COT,,,B
01TI7109A.PV,1HG,tube_COT,,,C
01TI7137A.PV,1HG,tube_COT,,,C
01TI7187A.PV,1HG,tube_COT,H-G TUBE CUR COT 187,DEGC,D
01TI6113A.PV,1HF,tube_COT,,,C
01TI6132A.PV,1HF,tube_COT,,,C
01TI6170A.PV,1HF,tube_COT,,,D
01TI7018A.PV,1HG,tube_COT,,,A
01TI7061A.PV,1HG,tube_COT,,,B
01TI7068A.PV,1HG,tube_COT,,,B
01TI7089A.PV,1HG,tube_COT,,,B
01TI7097A.PV,1HG,tube_COT,,,C
01TI7146A.PV,1HG,tube_COT,,,D
01TI7172A.PV,1HG,tube_COT,,,D
01TI6102A.PV,1HF,tube_COT,,,C
01TI6107A.PV,1HF,tube_COT,,,C
01TI6109A.PV,1HF,tube_COT,,,C
01TI6120A.PV,1HF,tube_COT,,,C
01TI6141A.PV,1HF,tube_COT,H-F TUBE CUR COT 141,DEGC,C
01TI6162A.PV,1HF,tube_COT,,,D
01TI6180A.PV,1HF,tube_COT,,,D
01TI6189A.PV,1HF,tube_COT,,,D
01TI7007A.PV,1HG,tube_COT,,,A
01TI7027A.PV,1HG,tube_COT,,,A
01TI7028A.PV,1HG,tube_COT,,,A
01TI7032A.PV,1HG,tube_COT,,,A
01TI7033A.PV,1HG,tube_COT,,,A
01TI7040A.PV,1HG,tube_COT,,,A
01TI7049A.PV,1HG,tube_COT,,,B
01TI7050A.PV,1HG,tube_COT,,,B
01TI7057A.PV,1HG,tube_COT,,,B
01TI7078A.PV,1HG,tube_COT,,,B
01TI7080A.PV,1HG,tube_COT,,,B
01TI7100A.PV,1HG,tube_COT,,,C
01TI7102A.PV,1HG,tube_COT,,,C
01TI7117A.PV,1HG,tube_COT,,,C
01TI7128A.PV,1HG,tube_COT,H-G TUBE CUR COT 128,DEGC,C
01TI7159A.PV,1HG,tube_COT,,,D
01TI7165A.PV,1HG,tube_COT,,,D
01TI7174A.PV,1HG,tube_COT,,,D
01TI7188A.PV,1HG,tube_COT,H-G TUBE CUR COT 188,DEGC,D
01TI7191A.PV,1HG,tube_COT,H-G TUBE CUR COT 191,DEGC,D
01TI6110A.PV,1HF,tube_COT,,,C
01TI6115A.PV,1HF,tube_COT,,,C
01TI6118A.PV,1HF,tube_COT,,,C
01TI6129A.PV,1HF,tube_COT,,,C
01TI6160A.PV,1HF,tube_COT,,,D
01TI6176A.PV,1HF,tube_COT,,,D
01TI6188A.PV,1HF,tube_COT,,,D
01TI6191A.PV,1HF,tube_COT,,,D
01TI7003A.PV,1HG,tube_COT,,,A
01TI7010A.PV,1HG,tube_COT,,,A
01TI7013A.PV,1HG,tube_COT,H-G TUBE CUR COT 013,DEGC,A
01TI7047A.PV,1HG,tube_COT,,,A
01TI7051A.PV,1HG,tube_COT,,,B
01TI7063A.PV,1HG,tube_COT,,,B
01TI7084A.PV,1HG,tube_COT,,,B
01TI7088A.PV,1HG,tube_COT,,,B
01TI7101A.PV,1HG,tube_COT,,,C
01TI7107A.PV,1HG,tube_COT,,,C
01TI7168A.PV,1HG,tube_COT,,,D
01TI6101A.PV,1HF,tube_COT,,,C
01TI6106A.PV,1HF,tube_COT,,,C
01TI6114A.PV,1HF,tube_COT,,,C
01TI6122A.PV,1HF,tube_COT,,,C
01TI6128A.PV,1HF,tube_COT,,,C
01TI6158A.PV,1HF,tube_COT,,,D
01TI6168A.PV,1HF,tube_COT,,,D
01TI7030A.PV,1HG,tube_COT,,,A
01TI7052A.PV,1HG,tube_COT,,,B
01TI7055A.PV,1HG,tube_COT,,,B
01TI7105A.PV,1HG,tube_COT,,,C
01TI7126A.PV,1HG,tube_COT,H-G TUBE CUR COT 126,DEGC,C
01TI7135A.PV,1HG,tube_COT,,,C
01TI7157A.PV,1HG,tube_COT,,,D
01TI7162A.PV,1HG,tube_COT,,,D
01TI7166A.PV,1HG,tube_COT,,,D
01TI6111A.PV,1HF,tube_COT,,,C
01TI6149A.PV,1HF,tube_COT,H-F TUBE CUR COT 149,DEGC,D
01TI6166A.PV,1HF,tube_COT,,,D
01TI6169A.PV,1HF,tube_COT,,,D
01TI6178A.PV,1HF,tube_COT,,,D
01TI7019A.PV,1HG,tube_COT,,,A
01TI7095A.PV,1HG,tube_COT,,,B
01TI7103A.PV,1HG,tube_COT,,,C
01TI7120A.PV,1HG,tube_COT,,,C
01TI7122A.PV,1HG,tube_COT,H-G TUBE CUR COT 122,DEGC,C
01TI7125A.PV,1HG,tube_COT,H-G TUBE CUR COT 125,DEGC,C
01TI7158A.PV,1HG,tube_COT,,,D
01TI7167A.PV,1HG,tube_COT,,,D
01TI6116A.PV,1HF,tube_COT,,,C
01TI6138A.PV,1HF,tube_COT,,,C
01TI6148A.PV,1HF,tube_COT,H-F TUBE CUR COT 148,DEGC,D
01TI6174A.PV,1HF,tube_COT,,,D
01TI6182A.PV,1HF,tube_COT,,,D
01TI7014A.PV,1HG,tube_COT,H-G TUBE CUR COT 014,DEGC,A
01TI7048A.PV,1HG,tube_COT,,,A
01TI7053A.PV,1HG,tube_COT,,,B
01TI7066A.PV,1HG,tube_COT,,,B
01TI7087A.PV,1HG,tube_COT,,,B
01TI7099A.PV,1HG,tube_COT,,,C
01TI7106A.PV,1HG,tube_COT,,,C
01TI7116A.PV,1HG,tube_COT,,,C
01TI6123A.PV,1HF,tube_COT,,,C
01TI6130A.PV,1HF,tube_COT,,,C
01TI6142A.PV,1HF,tube_COT,H-F TUBE CUR COT 142,DEGC,C
01TI6150A.PV,1HF,tube_COT,,DEGC,D
01TI6151A.PV,1HF,tube_COT,,,D
01TI6157A.PV,1HF,tube_COT,,,D
01TI6163A.PV,1HF,tube_COT,,,D
01TI6175A.PV,1HF,tube_COT,,,D
01TI7035A.PV,1HG,tube_COT,,,A
01TI7037A.PV,1HG,tube_COT,,,A
01TI7046A.PV,1HG,tube_COT,,,A
01TI7065A.PV,1HG,tube_COT,,,B
01TI7090A.PV,1HG,tube_COT,,,B
01TI7094A.PV,1HG,tube_COT,,,B
01TI7112A.PV,1HG,tube_COT,,,C
01TI7129A.PV,1HG,tube_COT,,DEGC,C
01TI7139A.PV,1HG,tube_COT,,,C
01TI7140A.PV,1HG,tube_COT,,,C
01TI7142A.PV,1HG,tube_COT,,,C
01TI7163A.PV,1HG,tube_COT,,,D
01TI7192A.PV,1HG,tube_COT,H-G TUBE CUR COT 192,DEGC,D
01TI6104A.PV,1HF,tube_COT,,,C
01TI6112A.PV,1HF,tube_COT,,,C
01TI6121A.PV,1HF,tube_COT,,,C
01TI6126A.PV,1HF,tube_COT,,,C
01TI6127A.PV,1HF,tube_COT,,,C
01TI6131A.PV,1HF,tube_COT,,,C
01TI6137A.PV,1HF,tube_COT,,,C
01TI6143A.PV,1HF,tube_COT,H-F TUBE CUR COT 143,DEGC,C
01TI7001A.PV,1HG,tube_COT,,,A
01TI7004A.PV,1HG,tube_COT,,,A
01TI7005A.PV,1HG,tube_COT,,,A
01TI7020A.PV,1HG,tube_COT,,,A
01TI7024A.PV,1HG,tube_COT,,,A
01TI7064A.PV,1HG,tube_COT,,,B
01TI7072A.PV,1HG,tube_COT,,DEGC,B
01TI7079A.PV,1HG,tube_COT,,,B
01TI7127A.PV,1HG,tube_COT,H-G TUBE CUR COT 127,DEGC,C
01TI7130A.PV,1HG,tube_COT,,,C
01TI7131A.PV,1HG,tube_COT,,,C
01TI7161A.PV,1HG,tube_COT,,,D
01TI7170A.PV,1HG,tube_COT,,,D
01TI7177A.PV,1HG,tube_COT,,,D
01TI6105A.PV,1HF,tube_COT,,,C
01TI6172A.PV,1HF,tube_COT,,,D
01TI6181A.PV,1HF,tube_COT,,,D
01TI7021A.PV,1HG,tube_COT,,,A
01TI7038A.PV,1HG,tube_COT,,,A
01TI7054A.PV,1HG,tube_COT,,,B
01TI7075A.PV,1HG,tube_COT,,,B
01TI7082A.PV,1HG,tube_COT,,,B
01TI7104A.PV,1HG,tube_COT,,,C
01TI7110A.PV,1HG,tube_COT,,,C
01TI7115A.PV,1HG,tube_COT,,,C
01TI7136A.PV,1HG,tube_COT,,,C
01TI7141A.PV,1HG,tube_COT,,,C
01TI7153A.PV,1HG,tube_COT,,,D
01TI7164A.PV,1HG,tube_COT,,,D
01TI7175A.PV,1HG,tube_COT,,,D
01TI7178A.PV,1HG,tube_COT,,,D
01TI7185A.PV,1HG,tube_COT,H-G TUBE CUR COT 185,DEGC,D
01TI6133A.PV,1HF,tube_COT,,,C
01TI6134A.PV,1HF,tube_COT,,,C
01TI6147A.PV,1HF,tube_COT,H-F TUBE CUR COT 147,DEGC,D
01TI7071A.PV,1HG,tube_COT,H-G TUBE CUR COT 071,DEGC,B
01TI7074A.PV,1HG,tube_COT,,,B
01TI7091A.PV,1HG,tube_COT,,,B
01TI7119A.PV,1HG,tube_COT,,,C
01TI7121A.PV,1HG,tube_COT,H-G TUBE CUR COT 121,DEGC,C
01TI7138A.PV,1HG,tube_COT,,,C
01TI7148A.PV,1HG,tube_COT,,,D
01TI7173A.PV,1HG,tube_COT,,,D
01TI6119A.PV,1HF,tube_COT,,,C
01TI6136A.PV,1HF,tube_COT,,,C
01TI6159A.PV,1HF,tube_COT,,,D
01TI6165A.PV,1HF,tube_COT,,,D
01TI6171A.PV,1HF,tube_COT,,,D
01TI7011A.PV,1HG,tube_COT,H-G TUBE CUR COT 011,DEGC,A
01TI7012A.PV,1HG,tube_COT,H-G TUBE CUR COT 012,DEGC,A
01TI7017A.PV,1HG,tube_COT,,,A
01TI7026A.PV,1HG,tube_COT,,,A
01TI7029A.PV,1HG,tube_COT,,,A
01TI7034A.PV,1HG,tube_COT,,,A
01TI7069A.PV,1HG,tube_COT,,,B
01TI7083A.PV,1HG,tube_COT,,,B
01TI7108A.PV,1HG,tube_COT,,,C
01TI7144A.PV,1HG,tube_COT,,,C
01TI7147A.PV,1HG,tube_COT,,,D
01TI7176A.PV,1HG,tube_COT,,,D
01TI7180A.PV,1HG,tube_COT,,,D
01TI7186A.PV,1HG,tube_COT,H-G TUBE CUR COT 186,DEGC,D
01TI7190A.PV,1HG,tube_COT,H-G TUBE CUR COT 190,DEGC,D
01TI1008.PV,1HC,tube_COT_long,BANK #B PQE #8,C,B
01TI0808.PV,1HA,tube_COT_long,BANK #B PQE #8,C,B
01TI1012.PV,1HC,tube_COT_long,BANK #C PQE #8,C,C
01TI0811.PV,1HA,tube_COT_long,BANK #C PQE #5,C,C
01TI1111.PV,1HD,tube_COT_long,BANK #C PQE #5,C,C
01TI1116.PV,1HD,tube_COT_long,BANK #D PQE #8,C,D
01TI1216.PV,1HE,tube_COT_long,BANK #D PQE #8,C,D
01TI1302.PV,1HF,tube_COT_long,BANK #A PQE #5,C,A
01TI1315.PV,1HF,tube_COT_long,BANK #D PQE #5,C,D
01TI0803.PV,1HA,tube_COT_long,BANK #A PQE #8,C,A
01TI0911.PV,1HB,tube_COT_long,BANK #C PQE #5,C,C
01TI1007.PV,1HC,tube_COT_long,BANK #B PQE #5,C,B
01TI1307.PV,1HF,tube_COT_long,BANK #B PQE #5,C,B
01TI1308.PV,1HF,tube_COT_long,BANK #B PQE #8,C,B
01TI1312.PV,1HF,tube_COT_long,BANK #C PQE #8,C,C
01TI0902.PV,1HB,tube_COT_long,BANK #A PQE #5,C,A
01TI0907.PV,1HB,tube_COT_long,BANK #B PQE #5,C,B
01TI0908.PV,1HB,tube_COT_long,BANK #B PQE #8,C,B
01TI1208.PV,1HE,tube_COT_long,BANK #B PQE #8,C,B
01TI1211.PV,1HE,tube_COT_long,BANK #C PQE #5,C,C
01TI0812.PV,1HA,tube_COT_long,BANK #C PQE #8,C,C
01TI1107.PV,1HD,tube_COT_long,BANK #B PQE #5,C,B
01TI0815.PV,1HA,tube_COT_long,BANK #D PQE #5,C,D
01TI1003.PV,1HC,tube_COT_long,BANK #A PQE #8,C,A
01TI1303.PV,1HF,tube_COT_long,BANK #A PQE #8,C,A
01TI0807.PV,1HA,tube_COT_long,BANK #B PQE #5,C,B
01TI1112.PV,1HD,tube_COT_long,BANK #C PQE #8,C,C
01TI1002.PV,1HC,tube_COT_long,BANK #A PQE #5,C,A
01TI0816.PV,1HA,tube_COT_long,BANK #D PQE #8,C,D
01TI1202.PV,1HE,tube_COT_long,BANK #A PQE #5,C,A
01TI1212.PV,1HE,tube_COT_long,BANK #C PQE #8,C,C
01TI1311.PV,1HF,tube_COT_long,BANK #C PQE #5,C,C
01TI0915.PV,1HB,tube_COT_long,BANK #D PQE #5,C,D
01TI1011.PV,1HC,tube_COT_long,BANK #C PQE #5,C,C
01TI1015.PV,1HC,tube_COT_long,BANK #D PQE #5,C,D
01TI1103.PV,1HD,tube_COT_long,BANK #A PQE #8,C,A
01TI1207.PV,1HE,tube_COT_long,BANK #B PQE #5,C,B
01TI0802.PV,1HA,tube_COT_long,BANK #A PQE #5,C,A
01TI0912.PV,1HB,tube_COT_long,BANK #C PQE #8,C,C
01TI1016.PV,1HC,tube_COT_long,BANK #D PQE #8,C,D
01TI1108.PV,1HD,tube_COT_long,BANK #B PQE #8,C,B
01TI1115.PV,1HD,tube_COT_long,BANK #D PQE #5,C,D
01TI1203.PV,1HE,tube_COT_long,BANK #A PQE #8,C,A
01TI0903.PV,1HB,tube_COT_long,BANK #A PQE #8,C,A
01TI0916.PV,1HB,tube_COT_long,BANK #D PQE #8,C,D
01TI1102.PV,1HD,tube_COT_long,BANK #A PQE #5,C,A
01TI1215.PV,1HE,tube_COT_long,BANK #D PQE #5,C,D
01TI1316.PV,1HF,tube_COT_long,BANK #D PQE #8,C,D
01TI1412.PV,1HG,tube_COT_long,BANK #C PQE #8,C,C
01TI1416.PV,1HG,tube_COT_long,BANK #D PQE #8,C,D
01TI1403.PV,1HG,tube_COT_long,BANK #A PQE #8,C,A
01TI1408.PV,1HG,tube_COT_long,BANK #B PQE #8,C,B
01TI1411.PV,1HG,tube_COT_long,BANK #C PQE #5,C,C
01TI1407.PV,1HG,tube_COT_long,BANK #B PQE #5,C,B
01TI1402.PV,1HG,tube_COT_long,BANK #A PQE #5,C,A
01TI1415.PV,1HG,tube_COT_long,BANK #D PQE #5,C,D
01FC0407.PV,1HC,feed_flow,H1C FD #B   PASS,NM3/H,B
01FC0409.PV,1HC,feed_flow,H1C FD #C   PASS,NM3/H,C
01FC0711.PV,1HF,feed_flow,H1F FD #D PASS,NM3/H,D
01FC0411.PV,1HC,feed_flow,H1C FD  #D   PASS,NM3/H,D
01FC0705.PV,1HF,feed_flow,H1F FD #A PASS,NM3/H,A
01FC0709.PV,1HF,feed_flow,H1F FD #C PASS,NM3/H,C
01FC0611.PV,1HE,feed_flow,H1E FD #D    PASS,NM3/H,D
01FC0707.PV,1HF,feed_flow,H1F FD #B PASS,NM3/H,B
01FC0205.PV,1HA,feed_flow,H1A FD #A   PASS,NM3/H,A
01FC0209.PV,1HA,feed_flow,H1A FD #C   PASS,NM3/H,C
01FC0211.PV,1HA,feed_flow,H1A FD #D  PASS,NM3/H,D
01FC0605.PV,1HE,feed_flow,HIE FD #A    PASS,NM3/H,A
01FC0305.PV,1HB,feed_flow,H1B FD #A PASS,NM3/H,A
01FC0505.PV,1HD,feed_flow,H1D FD #A    PASS,NM3/H,A
01FC0307.PV,1HB,feed_flow,H1B FD #B PASS,NM3/H,B
01FC0405.PV,1HC,feed_flow,H1C FD #A   PASS,NM3/H,A
01FC0509.PV,1HD,feed_flow,H1D FD #C    PASS,NM3/H,C
01FC0207.PV,1HA,feed_flow,H1A FD #B   PASS,NM3/H,B
01FC0309.PV,1HB,feed_flow,H1B FD #C PASS,NM3/H,C
01FC0311.PV,1HB,feed_flow,H1B FD #D PASS,NM3/H,D
01FC0609.PV,1HE,feed_flow,H1E FD #C    PASS,NM3/H,C
01FC0511.PV,1HD,feed_flow,H1D FD #D    PASS,NM3/H,D
01FC0507.PV,1HD,feed_flow,H1D FD #B    PASS,NM3/H,B
01FC0607.PV,1HE,feed_flow,H1E FD #B   PASS,NM3/H,B
01FC0811.PV,1HG,feed_flow,H1G FD #D  PASS,NM3/H,D
01FC0809.PV,1HG,feed_flow,H1G FD #C   PASS,NM3/H,C
01FC0805.PV,1HG,feed_flow,H1G FD #A   PASS,NM3/H,A
01FC0807.PV,1HG,feed_flow,H1G FD #B   PASS,NM3/H,B
01FC0323.PV,1HB,dil_steam,H1B DS #C   PASS,KG/H,C
01FC0626.PV,1HE,dil_steam,H1E DS #D PASS,KG/H,D
01FC0317.PV,1HB,dil_steam,H1B DS #A   PASS,KG/H,A
01FC0420.PV,1HC,dil_steam,H1C DS #B   PASS,KG/H,B
01FC0326.PV,1HB,dil_steam,H1B DS #D   PASS,KG/H,D
01FC0617.PV,1HE,dil_steam,H1E DS#A PASS,KG/H,A
01FC0223.PV,1HA,dil_steam,H1A DS #C   PASS,KG/H,C
01FC0726.PV,1HF,dil_steam,H1F DS #D PASS,KG/H,D
01FC0417.PV,1HC,dil_steam,H1C DS #A   PASS,KG/H,A
01FC0217.PV,1HA,dil_steam,H1A DS #A   PASS,KG/H,A
01FC0423.PV,1HC,dil_steam,H1C DS #C   PASS,KG/H,C
01FC0426.PV,1HC,dil_steam,H1C DS #D   PASS,KG/H,D
01FC0623.PV,1HE,dil_steam,H1E DS #C PASS,KG/H,C
01FC0320.PV,1HB,dil_steam,H1B DS #B   PASS,KG/H,B
01FC0520.PV,1HD,dil_steam,H1D DS #B  PASS,KG/H,B
01FC0226.PV,1HA,dil_steam,H1A DS #D   PASS,KG/H,D
01FC0720.PV,1HF,dil_steam,H1F DS #B PASS,KG/H,B
01FC0723.PV,1HF,dil_steam,H1F DS #C PASS,KG/H,C
01FC0620.PV,1HE,dil_steam,H1E DS #B PASS,KG/H,B
01FC0717.PV,1HF,dil_steam,H1F DS #A PASS,KG/H,A
01FC0220.PV,1HA,dil_steam,H1A DS #B   PASS,KG/H,B
01FC0517.PV,1HD,dil_steam,H1D DS #A  PASS,KG/H,A
01FC0523.PV,1HD,dil_steam,H1D DS #C  PASS,KG/H,C
01FC0526.PV,1HD,dil_steam,H1D DS #D  PASS,KG/H,D
01FC0823.PV,1HG,dil_steam,H1G DS #C   PASS,KG/H,C
01FC0820.PV,1HG,dil_steam,H1G DS #B   PASS,KG/H,B
01FC0826.PV,1HG,dil_steam,H1G DS #D   PASS,KG/H,D
01FC0817.PV,1HG,dil_steam,H1G DS #A   PASS,KG/H,A
01FC0633.PV,1HE,decoke_air,FUR E PASS A DE-COKE AIR,NM3/H,A
01FC0533.PV,1HD,decoke_air,FUR D PASS A DE-COKE AIR,NM3/H,A
01FC0434.PV,1HC,decoke_air,FUR C PASSB DECOKE AIR,NM3/H,B
01FC0536.PV,1HD,decoke_air,FUR D PASS D DE-COKE AIR,NM3/H,D
01FC0433.PV,1HC,decoke_air,FUR C PASSA DECOKE AIR,NM3/H,A
01FC0733.PV,1HF,decoke_air,FUR F PASS A DE-COKE AIR,NM3/H,A
01FC0334.PV,1HB,decoke_air,FUR B PASS B DE-COKE AIR,NM3/H,B
01FC0236.PV,1HA,decoke_air,FUR A PASS D DE-COKE AIR,NM3/H,D
01FC0534.PV,1HD,decoke_air,FUR D PASS B DE-COKE AIR,NM3/H,B
01FC0736.PV,1HF,decoke_air,FUR F PASS D DE-COKE AIR,NM3/H,D
01FC0233.PV,1HA,decoke_air,FUR A PASS A DE-COKE AIR,NM3/H,A
01FC0635.PV,1HE,decoke_air,FUR E PASS C DE-COKE AIR,NM3/H,C
01FC0333.PV,1HB,decoke_air,FUR B PASS A DE-COKE AIR,NM3/H,A
01FC0335.PV,1HB,decoke_air,FUR B PASS C DE-COKE AIR,NM3/H,C
01FC0336.PV,1HB,decoke_air,FUR B PASS D DE-COKE AIR,NM3/H,D
01FC0735.PV,1HF,decoke_air,FUR F PASS C DE-COKE AIR,NM3/H,C
01FC0634.PV,1HE,decoke_air,FUR E PASS B DE-COKE AIR,NM3/H,B
01FC0734.PV,1HF,decoke_air,FUR F PASS B DE-COKE AIR,NM3/H,B
01FC0435.PV,1HC,decoke_air,FUR C PASSC DECOKE AIR,NM3/H,C
01FC0436.PV,1HC,decoke_air,FUR C PASSD DECOKE AIR,NM3/H,D
01FC0636.PV,1HE,decoke_air,FUR E PASS D DE-COKE AIR,NM3/H,D
01FC0234.PV,1HA,decoke_air,FUR A PASS B DE-COKE AIR,NM3/H,B
01FC0235.PV,1HA,decoke_air,FUR A PASS C DE-COKE AIR,NM3/H,C
01FC0535.PV,1HD,decoke_air,FUR D PASS C DE-COKE AIR,NM3/H,C
01FC0833.PV,1HG,decoke_air,FUR G PASS A DE-COKE AIR,NM3/H,A
01FC0835.PV,1HG,decoke_air,FUR G PASS C DE-COKE AIR,NM3/H,C
01FC0836.PV,1HG,decoke_air,FUR G PASS D DE-COKE AIR,NM3/H,D
01FC0834.PV,1HG,decoke_air,FUR G PASS B DE-COKE AIR,NM3/H,B
01TC0805.PV,1HA,cot_ctrl,H-1A COT,C,
01TC1105.PV,1HD,cot_ctrl,H-1D COT,C,
01TC1205.PV,1HE,cot_ctrl,H-1E COT,C,
01TC0905.PV,1HB,cot_ctrl,H-1B COT,C,
01TC1305.PV,1HF,cot_ctrl,H-1F COT,C,
01TC1005.PV,1HC,cot_ctrl,H-1C COT,C,
01TC1405.PV,1HG,cot_ctrl,H-1G COT,C,
01PI1801.PV,1HE,coil_out_P,EFFL FM     1-E-15E,KG/CM2,
01PI1804.PV,1HE,coil_out_P,EFFL FM     1-E-16E,KG/CM2,
01PI1904.PV,1HF,coil_out_P,EFFL FM     1-E-16F,KG/CM2,
01PI1901.PV,1HF,coil_out_P,EFFL FM     1-E-15F,KG/CM2,
01PI1404.PV,1HA,coil_out_P,EFFL FM     1-E-16A,KG/CM2,
01PI1701.PV,1HD,coil_out_P,EFFL FM     1-E-15D,KG/CM2,
01PI1604.PV,1HC,coil_out_P,EFFL FM     1-E-16C,KG/CM2,
01PI1401.PV,1HA,coil_out_P,EFFL FM     1-E-15A,KG/CM2,
01PI1504.PV,1HB,coil_out_P,EFFL FM     1-E-16B,KG/CM2,
01PI1704.PV,1HD,coil_out_P,EFFL FM     1-E-16D,KG/CM2,
01PI1501.PV,1HB,coil_out_P,EFFL FM     1-E-15B,KG/CM2,
01PI1601.PV,1HC,coil_out_P,EFFL FM     1-E-15C,KG/CM2,
01PI2001.PV,1HG,coil_out_P,EFFL FM     1-E-15G,KG/CM2,
01PI2004.PV,1HG,coil_out_P,EFFL FM     1-E-16G,KG/CM2,
01PC6041.PV,1HC,draft,H1C CONV    DRAFT,MMH2O,
01PC6021.PV,1HB,draft,H1B CONV    DRAFT,MMH2O,
01PC6101.PV,1HF,draft,H1F CONV    DRAFT,MMH2O,
01PC6001.PV,1HA,draft,H1A CONV    DRAFT,MMH2O,
01PC6061.PV,1HD,draft,H1D CONV    DRAFT,MMH2O,
01PC6081.PV,1HE,draft,H1E CONV    DRAFT,MMH2O,
01PC6121.PV,1HG,draft,H1G CONV    DRAFT,MMH2O,
01TI0231.PV,1HA,feed_coilT,FD COIL     1-H-1A,C,
01TI0629.PV,1HE,feed_coilT,FD COIL     1-H-1E,C,
01TI0630.PV,1HE,feed_coilT,FD COIL     1-H-1E,C,
01TI0330.PV,1HB,feed_coilT,FD COIL     1-H-1B,C,
01TI0531.PV,1HD,feed_coilT,FD COIL     1-H-1D,C,
01TI0631.PV,1HE,feed_coilT,FD COIL     1-H-1E,C,
01TI0632.PV,1HE,feed_coilT,FD COIL     1-H-1E,C,
01TI0530.PV,1HD,feed_coilT,FD COIL     1-H-1D,C,
01TI0732.PV,1HF,feed_coilT,FD COIL     1-H-1F,C,
01TI0232.PV,1HA,feed_coilT,FD COIL     1-H-1A,C,
01TI0532.PV,1HD,feed_coilT,FD COIL     1-H-1D,C,
01TI0731.PV,1HF,feed_coilT,FD COIL     1-H-1F,C,
01TI0329.PV,1HB,feed_coilT,FD COIL     1-H-1B,C,
01TI0332.PV,1HB,feed_coilT,FD COIL     1-H-1B,C,
01TI0730.PV,1HF,feed_coilT,FD COIL     1-H-1F,C,
01TI0229.PV,1HA,feed_coilT,FD COIL     1-H-1A,C,
01TI0230.PV,1HA,feed_coilT,FD COIL     1-H-1A,C,
01TI0432.PV,1HC,feed_coilT,FD COIL     1-H-1C,C,
01TI0331.PV,1HB,feed_coilT,FD COIL     1-H-1B,C,
01TI0430.PV,1HC,feed_coilT,FD COIL     1-H-1C,C,
01TI0431.PV,1HC,feed_coilT,FD COIL      1-H-1C,C,
01TI0429.PV,1HC,feed_coilT,FD COIL     1-H-1C,C,
01TI0529.PV,1HD,feed_coilT,FD COIL     1-H-1D,C,
01TI0729.PV,1HF,feed_coilT,FD COIL     1-H-1F,C,
01TI08311.PV,1HG,feed_coilT,FD COIL     1-H-1G,C,
01TI08321.PV,1HG,feed_coilT,FD COIL     1-H-1G,C,
01TI08301.PV,1HG,feed_coilT,FD COIL     1-H-1G,C,
01TI08291.PV,1HG,feed_coilT,FD COIL     1-H-1G,C,
01AI1521.PV,1HB,effluent_GC,1-H-1B      C2H4,WT%,
01AI1623.PV,1HC,effluent_GC,1-H-1C      C3H6,WT%,
01AI1421.PV,1HA,effluent_GC,1-H-1A      C2H4,WT%,
01AI1924.PV,1HF,effluent_GC,1-H-1F      C3H8,WT%,
01AI1624.PV,1HC,effluent_GC,1-H-1C      C3H8,WT%,
01AI1822.PV,1HE,effluent_GC,1-H-1E      C2H6,WT%,
01AI1820.PV,1HE,effluent_GC,1-H-1E      CH4,WT%,
01AI1923.PV,1HF,effluent_GC,1-H-1F      C3H6,WT%,
01AI1724.PV,1HD,effluent_GC,1-H-1D      C3H8,WT%,
01AI1922.PV,1HF,effluent_GC,1-H-1F      C2H6,WT%,
01AI1422.PV,1HA,effluent_GC,1-H-1A      C2H6,WT%,
01AI1621.PV,1HC,effluent_GC,1-H-1C      C2H4,WT%,
01AI1622.PV,1HC,effluent_GC,1-H-1C      C2H6,WT%,
01AI1821.PV,1HE,effluent_GC,1-H-1E      C2H4,WT%,
01AI1720.PV,1HD,effluent_GC,1-H-1D      CH4,WT%,
01AI1721.PV,1HD,effluent_GC,1-H-1D      C2H4,WT%,
01AI1522.PV,1HB,effluent_GC,1-H-1B      C2H6,WT%,
01AI1523.PV,1HB,effluent_GC,1-H-1B      C3H6,WT%,
01AI1620.PV,1HC,effluent_GC,1-H-1C      CH4,WT%,
01AI1424.PV,1HA,effluent_GC,1-H-1A      C3H8,WT%,
01AI1722.PV,1HD,effluent_GC,1-H-1D      C2H6,WT%,
01AI1723.PV,1HD,effluent_GC,1-H-1D      C3H6,WT%,
01AI1824.PV,1HE,effluent_GC,1-H-1E      C3H8,WT%,
01AI1823.PV,1HE,effluent_GC,1-H-1E      C3H6,WT%,
01AI1524.PV,1HB,effluent_GC,1-H-1B      C3H8,WT%,
01AI1921.PV,1HF,effluent_GC,1-H-1F      C2H4,WT%,
01AI1420.PV,1HA,effluent_GC,1-H-1A      CH4,WT%,
01AI1423.PV,1HA,effluent_GC,1-H-1A      C3H6,WT%,
01AI1520.PV,1HB,effluent_GC,1-H-1B      CH4,WT%,
01AI1920.PV,1HF,effluent_GC,1-H-1F      CH4,WT%,
01AI0112.PV,PLANT,feed_GC,FEED FUR       C4H10,WT%,
01AI0111.PV,PLANT,feed_GC,FEED TO     FUR C3H8,WT%,
01AI0110.PV,PLANT,feed_GC,FEED TO     FUR C2H6,WT%,
01AI0121.PV,PLANT,feed_GC,FEED TO     FUR C3H8,WT%,
01AI0122.PV,PLANT,feed_GC,FEED FUR       C4H10,WT%,
01AI0113.PV,PLANT,feed_GC,FEED FUR       C5+,WT%,
01AI0123.PV,PLANT,feed_GC,FEED FUR       C5+,WT%,
01AI0114.PV,PLANT,feed_GC,FEED FUR       CO2,PPM,
01AI0120.PV,PLANT,feed_GC,FEED TO     FUR C2H6,WT%,
01AI0124.PV,PLANT,feed_GC,FEED FUR       CO2,PPM,
